イベント日,ビデオID,ビデオキャプション,経過分数,同時視聴ユーザー数,チャット数,いいネ数,カート追加クリック数,商品クリック数,ハイライト商品クリック数,シェア数
2026-04-14,5nMzON,毛穴悩みと向き合う。    ビオレの洗顔シリーズで叶える、理想の肌づくり（マツキヨココカラLIVE）,1,408,0,1,0,0,0,0
,,,2,221,0,0,0,0,0,0
,,,3,213,2,10,0,0,0,0
,,,4,214,0,22,0,0,0,0
,,,5,235,1,24,0,0,0,0
,,,6,240,0,39,0,0,0,0
,,,7,229,4,4,0,0,0,0
,,,8,252,1,51,0,0,0,0
,,,9,253,3,88,0,0,0,0
,,,10,253,3,65,0,1,1,0
,,,11,254,2,75,0,5,2,0
,,,12,260,2,139,0,2,2,0
,,,13,274,3,82,0,0,0,0
,,,14,276,2,52,0,0,0,0
,,,15,284,2,103,0,0,0,0
,,,16,288,2,187,0,2,2,0
,,,17,303,1,119,0,1,1,0
,,,18,308,7,83,0,0,0,0
,,,19,298,3,104,0,0,0,0
,,,20,312,5,199,0,2,2,0
,,,21,300,1,115,0,1,1,0
,,,22,323,4,98,0,1,1,0
,,,23,339,3,93,0,2,2,0
,,,24,331,1,113,0,3,0,0
,,,25,341,3,139,0,2,1,0
,,,26,353,3,133,0,0,0,0
,,,27,351,0,133,0,3,3,0
,,,28,355,3,12,0,0,0,0
,,,29,337,5,9,0,3,3,0
,,,30,345,3,238,0,1,1,0
,,,31,332,1,291,0,1,1,0
,,,32,330,0,85,0,0,0,0
,,,33,339,3,196,0,2,2,0
,,,34,348,4,140,0,1,1,0
,,,35,340,4,114,0,1,0,0
,,,36,351,4,216,0,0,0,0
,,,37,350,2,81,0,0,0,0
,,,38,360,1,52,0,2,1,0
,,,39,357,1,168,0,2,1,0
,,,40,349,5,173,0,0,0,0
,,,41,348,1,247,0,1,1,0
,,,42,345,3,159,0,0,0,0
,,,43,337,3,156,0,0,0,0
,,,44,340,0,120,0,0,0,0
,,,45,358,7,167,0,3,0,0
,,,46,345,0,287,0,2,2,0
,,,47,354,2,255,0,0,0,0
,,,48,318,1,208,0,2,1,0
,,,49,326,3,319,0,2,2,0
,,,50,350,2,286,0,1,1,0
,,,51,327,0,68,0,1,1,0
,,,52,350,5,84,0,1,1,0
,,,53,326,2,109,0,1,0,0
,,,54,327,0,235,0,3,3,0
,,,55,347,1,251,0,2,2,0
,,,56,363,3,367,0,6,5,0
,,,57,384,8,236,0,0,0,0
,,,58,378,6,167,0,0,0,0
,,,59,366,0,393,0,2,2,0
,,,60,373,2,383,0,0,0,0
,,,61,373,4,347,0,1,1,0
,,,62,362,0,621,0,0,0,0
,,,63,362,0,806,0,1,1,0
,,,64,355,0,422,0,0,0,0
,,,65,346,1,100,0,2,2,0
,,,66,361,0,185,0,0,0,0
,,,67,860,1,259,0,1,0,0
2026-04-07,5nMmNb,"マイクテスト
",3,1,0,0,0,0,0,0
,,,4,1,0,0,0,0,0,0
,,,5,1,0,0,0,0,0,0
,gkA97b,親子で楽しむ！「バンドエイド×  クロミ  」スペシャル企画（マツキヨココカラLIVE）,1,19,1,23,0,0,0,0
,,,2,16,0,16,0,0,0,0
,,,3,71,0,0,0,0,0,0
,,,4,166,0,6,0,0,0,0
,,,5,175,3,0,0,0,0,0
,,,6,176,0,1,0,1,0,0
,,,7,188,1,7,0,0,0,0
,,,8,207,0,284,0,0,0,0
,,,9,226,0,234,0,0,0,0
,,,10,238,1,197,0,0,0,0
,,,11,247,5,217,0,0,0,0
,,,12,265,1,61,0,0,0,0
,,,13,284,3,88,0,0,0,0
,,,14,283,2,81,0,0,0,0
,,,15,306,5,73,0,0,0,0
,,,16,295,4,17,0,0,0,0
,,,17,300,7,14,0,1,0,0
,,,18,319,7,136,0,0,0,0
,,,19,306,5,191,0,0,0,0
,,,20,317,4,179,0,0,0,0
,,,21,302,9,171,0,0,0,0
,,,22,303,2,171,0,0,0,0
,,,23,325,3,14,0,0,0,0
,,,24,330,4,65,0,0,0,0
,,,25,330,3,83,0,1,1,0
,,,26,339,0,71,0,6,6,0
,,,27,336,1,63,0,2,2,0
,,,28,342,3,10,0,0,0,0
,,,29,344,8,15,0,3,3,0
,,,30,342,1,38,0,3,3,0
,,,31,361,1,188,0,0,0,0
,,,32,345,4,25,0,1,1,0
,,,33,347,5,70,0,0,0,0
,,,34,340,2,193,0,5,5,0
,,,35,349,3,120,0,0,0,0
,,,36,386,2,373,0,1,1,0
,,,37,383,2,265,0,0,0,0
,,,38,358,5,267,0,1,1,0
,,,39,362,2,182,0,4,4,0
,,,40,376,1,240,0,0,0,0
,,,41,364,4,72,0,1,1,0
,,,42,355,0,147,0,0,0,0
,,,43,382,0,82,0,0,0,0
,,,44,363,5,109,0,1,1,0
,,,45,380,9,90,0,0,0,0
,,,46,345,5,95,0,2,2,0
,,,47,369,3,1,0,1,1,0
,,,48,384,2,40,0,0,0,0
,,,49,352,2,4,0,2,2,0
,,,50,372,0,21,0,2,2,0
,,,51,378,1,0,0,1,1,0
,,,52,379,0,4,0,3,3,0
,,,53,378,2,5,0,2,2,0
,,,54,374,0,6,0,0,0,0
,,,55,368,1,14,0,0,0,0
,,,56,388,1,25,0,0,0,0
,,,57,389,0,79,0,0,0,0
,,,58,398,9,125,0,1,0,0
,,,59,412,2,229,0,4,4,0
,,,60,419,5,346,0,4,4,0
,,,61,394,3,1094,0,1,1,0
,,,62,395,6,1002,0,1,0,0
,,,63,404,1,762,0,0,0,0
,,,64,415,3,955,0,1,0,0
,,,65,417,7,991,0,0,0,0
,,,66,407,5,390,0,0,0,0
,,,67,399,5,135,0,0,0,0
,,,68,1142,8,245,0,5,4,0
2026-03-31,gMnGQG,【アネッサ特集】  ベタつきにさようなら、心地よく使えるUV生活（マツキヨココカラLIVE）,1,358,0,270,0,0,0,0
,,,2,247,2,487,0,0,0,0
,,,3,277,4,295,0,0,0,0
,,,4,299,4,402,0,0,0,0
,,,5,324,4,530,0,0,0,0
,,,6,306,8,346,0,1,0,0
,,,7,329,6,328,0,0,0,0
,,,8,327,8,473,0,1,0,0
,,,9,332,9,516,0,2,1,0
,,,10,317,16,304,0,0,0,0
,,,11,323,2,582,0,2,1,0
,,,12,339,18,266,0,0,0,0
,,,13,346,1,589,0,0,0,0
,,,14,356,11,401,0,0,0,0
,,,15,330,4,547,0,0,0,0
,,,16,374,6,365,0,0,0,0
,,,17,355,3,598,0,0,0,0
,,,18,373,1,302,0,2,2,0
,,,19,380,2,335,0,0,0,0
,,,20,389,9,422,0,1,1,0
,,,21,375,9,515,0,2,2,0
,,,22,396,1,336,0,2,2,0
,,,23,384,9,524,0,0,0,0
,,,24,404,2,541,0,0,0,0
,,,25,388,2,654,0,6,6,0
,,,26,386,1,491,0,5,4,0
,,,27,376,0,347,0,0,0,0
,,,28,387,10,433,0,0,0,0
,,,29,386,4,332,0,0,0,0
,,,30,420,3,598,0,1,1,0
,,,31,394,6,467,0,1,1,0
,,,32,397,8,503,0,1,1,0
,,,33,406,6,705,0,2,2,0
,,,34,418,10,673,0,1,1,0
,,,35,419,4,603,0,2,1,0
,,,36,420,4,680,0,1,1,0
,,,37,409,7,276,0,0,0,0
,,,38,405,7,177,0,0,0,0
,,,39,422,8,319,0,3,3,0
,,,40,413,9,434,0,0,0,0
,,,41,409,5,445,0,0,0,0
,,,42,404,6,316,0,1,1,0
,,,43,422,4,305,0,2,2,0
,,,44,397,10,431,0,5,4,0
,,,45,408,7,853,0,2,1,0
,,,46,401,11,1119,0,3,3,0
,,,47,392,8,1027,0,1,1,0
,,,48,417,5,647,0,0,0,0
,,,49,403,6,548,0,0,0,0
,,,50,407,4,641,0,2,2,0
,,,51,426,6,1048,0,0,0,0
,,,52,435,3,1602,0,1,1,0
,,,53,437,2,1312,0,1,1,0
,,,54,416,8,1014,0,0,0,0
,,,55,419,5,904,0,3,3,0
,,,56,428,7,571,0,3,3,0
,,,57,419,2,832,0,2,2,0
,,,58,417,5,662,0,1,0,0
,,,59,426,4,822,0,1,1,0
,,,60,434,2,805,0,1,0,0
,,,61,421,5,582,0,7,7,0
,,,62,406,3,917,0,0,0,0
,,,63,425,4,841,0,1,1,0
,,,64,431,4,740,0,4,2,0
,,,65,448,4,715,0,5,5,0
,,,66,417,8,1165,0,2,2,0
,,,67,432,8,1622,0,1,1,0
,,,68,430,10,671,0,2,2,0
,,,69,1301,19,757,0,7,7,0
2026-03-24,g1zYVl,【髪と体、何で洗ってる？】新生活から使いたい！優秀バスアイテム徹底解説！（マツキヨココカラLIVE）,1,250,0,10,0,0,0,0
,,,2,219,1,44,0,0,0,0
,,,3,235,0,15,0,0,0,0
,,,4,226,0,13,0,0,0,0
,,,5,218,0,54,0,0,0,0
,,,6,251,0,31,0,0,0,0
,,,7,248,0,43,0,1,1,0
,,,8,241,0,55,0,3,3,0
,,,9,249,1,45,0,1,1,0
,,,10,247,3,54,0,1,1,0
,,,11,233,1,47,0,1,1,0
,,,12,237,0,92,0,0,0,0
,,,13,262,0,53,0,0,0,0
,,,14,271,0,45,0,0,0,0
,,,15,263,1,89,0,1,1,0
,,,16,262,0,78,0,2,1,0
,,,17,256,0,97,0,0,0,0
,,,18,266,0,115,0,0,0,0
,,,19,267,0,43,0,0,0,0
,,,20,267,1,30,0,0,0,0
,,,21,268,2,81,0,0,0,0
,,,22,270,3,159,0,0,0,0
,,,23,294,1,67,0,2,2,0
,,,24,275,0,49,0,0,0,0
,,,25,270,2,18,0,2,2,0
,,,26,273,0,63,0,0,0,0
,,,27,283,0,82,0,1,1,0
,,,28,286,1,121,0,1,1,0
,,,29,297,0,16,0,0,0,0
,,,30,292,0,142,0,0,0,0
,,,31,315,1,15,0,0,0,0
,,,32,316,4,128,0,2,2,0
,,,33,284,0,114,0,2,2,0
,,,34,300,0,27,0,0,0,0
,,,35,304,3,250,0,0,0,0
,,,36,330,1,69,0,1,1,0
,,,37,339,1,7,0,0,0,0
,,,38,316,1,34,0,1,0,0
,,,39,328,3,133,0,1,1,0
,,,40,344,8,191,0,4,3,0
,,,41,327,1,133,0,3,3,0
,,,42,346,3,97,0,2,2,0
,,,43,332,2,94,0,0,0,0
,,,44,345,1,118,0,0,0,0
,,,45,346,1,76,0,2,1,0
,,,46,348,2,148,0,4,4,0
,,,47,333,0,164,0,1,0,0
,,,48,324,2,47,0,0,0,0
,,,49,329,1,57,0,1,1,0
,,,50,346,0,217,0,0,0,0
,,,51,326,2,170,0,0,0,0
,,,52,325,0,196,0,0,0,0
,,,53,330,1,76,0,0,0,0
,,,54,347,0,175,0,0,0,0
,,,55,332,3,137,0,2,2,0
,,,56,334,1,31,0,0,0,0
,,,57,326,1,232,0,4,4,0
,,,58,354,3,175,0,3,3,0
,,,59,371,1,232,0,3,3,0
,,,60,352,1,325,0,1,1,0
,,,61,327,0,141,0,1,1,0
,,,62,339,1,115,0,0,0,0
,,,63,336,0,181,0,1,1,0
,,,64,328,0,246,0,0,0,0
,,,65,352,0,370,0,0,0,0
,,,66,347,0,429,0,0,0,0
,,,67,331,1,251,0,2,2,0
,,,68,323,4,210,0,1,1,0
,,,69,653,0,296,0,1,1,0
2026-03-17,gKADjd,スキンアクアトーンアップUVが待望のリニューアル！全色比較で自分に合ったUV選び！（マツキヨココカラLIVE）,1,319,5,1,0,0,0,0
,,,2,216,4,104,0,0,0,0
,,,3,213,2,126,0,0,0,1
,,,4,229,1,127,0,0,0,0
,,,5,225,3,258,0,1,1,0
,,,6,240,6,312,0,0,0,0
,,,7,242,5,4,0,0,0,0
,,,8,236,4,327,0,1,1,0
,,,9,271,2,596,0,0,0,0
,,,10,256,4,503,0,2,1,0
,,,11,264,3,244,0,2,2,0
,,,12,298,4,238,0,1,1,0
,,,13,284,6,2,0,1,1,0
,,,14,290,6,202,0,0,0,0
,,,15,277,3,351,0,1,1,0
,,,16,299,7,260,0,0,0,0
,,,17,292,5,242,0,0,0,0
,,,18,308,0,313,0,1,1,0
,,,19,308,2,326,0,3,3,0
,,,20,321,7,558,0,1,1,0
,,,21,321,4,394,0,2,2,0
,,,22,322,3,265,0,0,0,0
,,,23,320,2,464,0,0,0,0
,,,24,331,1,159,0,0,0,0
,,,25,380,4,22,0,0,0,0
,,,26,342,3,11,0,0,0,0
,,,27,353,8,100,0,1,1,0
,,,28,360,0,221,0,0,0,0
,,,29,350,0,368,0,0,0,0
,,,30,329,2,275,0,0,0,0
,,,31,343,2,170,0,0,0,0
,,,32,370,2,129,0,0,0,0
,,,33,379,6,157,0,0,0,0
,,,34,361,8,389,0,0,0,0
,,,35,362,2,288,0,0,0,0
,,,36,362,4,208,0,0,0,0
,,,37,388,1,172,0,4,2,0
,,,38,369,4,229,0,5,3,0
,,,39,370,5,254,0,1,1,0
,,,40,346,3,301,0,1,1,0
,,,41,371,3,255,0,4,4,0
,,,42,375,3,134,0,0,0,0
,,,43,376,4,112,0,1,1,0
,,,44,408,2,101,0,1,1,0
,,,45,390,1,227,0,1,1,0
,,,46,383,1,208,0,1,1,0
,,,47,386,1,4,0,0,0,0
,,,48,389,2,175,0,4,4,0
,,,49,396,7,249,0,1,1,0
,,,50,409,3,104,0,0,0,0
,,,51,403,4,122,0,0,0,0
,,,52,394,3,151,0,0,0,0
,,,53,388,2,277,0,0,0,0
,,,54,397,2,57,0,1,1,0
,,,55,407,1,91,0,0,0,0
,,,56,413,1,24,0,0,0,0
,,,57,407,1,157,0,1,1,0
,,,58,397,1,241,0,0,0,0
,,,59,380,3,161,0,0,0,0
,,,60,395,3,21,0,0,0,0
,,,61,392,1,30,0,0,0,0
,,,62,391,0,24,0,0,0,0
,,,63,416,1,91,0,0,0,0
,,,64,419,0,309,0,2,2,0
,,,65,393,6,191,0,0,0,0
,,,66,1068,0,470,0,0,0,0
,gO7zGy,IG用★スキンアクアトーンアップUVが待望のリニューアル！全色比較で自分に合ったUV選び！（マツキヨココカラLIVE）,1,1,0,0,0,0,0,0
2026-03-10,5Dz8lZ,【LIPSベストコスメ2025】26冠のキャンメイクが選ぶ推しアイテム特集！（マツキヨココカラLIVE）,1,418,4,49,0,0,0,0
,,,2,337,5,389,0,0,0,0
,,,3,337,1,409,0,0,0,0
,,,4,347,5,498,0,0,0,0
,,,5,359,3,118,0,0,0,0
,,,6,328,10,86,0,0,0,0
,,,7,322,3,539,0,0,0,0
,,,8,339,3,117,0,0,0,0
,,,9,328,14,362,0,0,0,0
,,,10,347,3,766,0,0,0,0
,,,11,341,4,458,0,0,0,0
,,,12,343,6,691,0,0,0,0
,,,13,351,11,362,0,0,0,0
,,,14,369,11,436,0,2,2,0
,,,15,394,6,275,0,1,1,0
,,,16,397,6,47,0,0,0,0
,,,17,385,8,113,0,0,0,0
,,,18,388,3,93,0,1,1,0
,,,19,383,9,71,0,2,2,0
,,,20,386,23,617,0,4,3,0
,,,21,405,9,521,0,10,9,0
,,,22,419,8,814,0,3,1,1
,,,23,395,6,1214,0,1,1,0
,,,24,422,12,789,0,1,1,0
,,,25,416,9,619,0,5,5,0
,,,26,420,13,970,0,1,1,0
,,,27,447,3,983,0,2,1,0
,,,28,433,4,773,0,0,0,0
,,,29,416,13,358,0,4,4,0
,,,30,430,1,249,0,6,5,0
,,,31,421,8,267,0,2,1,0
,,,32,402,5,767,0,2,2,0
,,,33,417,4,901,0,4,3,0
,,,34,422,5,583,0,3,2,0
,,,35,417,4,504,0,2,2,0
,,,36,427,3,314,0,1,1,0
,,,37,419,5,342,0,1,1,0
,,,38,419,2,646,0,2,2,0
,,,39,455,12,710,0,4,4,0
,,,40,436,6,685,0,0,0,0
,,,41,430,2,661,0,1,1,0
,,,42,420,10,485,0,3,2,0
,,,43,441,6,562,0,2,2,0
,,,44,448,13,426,0,3,3,0
,,,45,442,5,319,0,6,5,0
,,,46,420,5,334,0,11,11,0
,,,47,419,3,686,0,5,5,0
,,,48,432,12,609,0,0,0,0
,,,49,451,4,569,0,1,1,0
,,,50,450,1,607,0,4,2,0
,,,51,434,5,732,0,0,0,0
,,,52,447,6,776,0,2,2,0
,,,53,445,5,774,0,3,3,1
,,,54,429,5,630,0,3,3,0
,,,55,433,3,450,0,1,1,0
,,,56,455,8,668,0,2,2,0
,,,57,456,4,825,0,4,4,0
,,,58,451,5,807,0,4,4,0
,,,59,447,4,662,0,5,5,0
,,,60,458,9,716,0,4,4,0
,,,61,469,5,676,0,2,1,0
,,,62,466,3,1305,0,0,0,0
,,,63,451,7,898,0,1,1,0
,,,64,468,6,804,0,2,1,0
,,,65,442,8,709,0,5,4,0
,,,66,459,5,910,0,1,1,0
,,,67,461,5,979,0,3,2,0
,,,68,466,6,882,0,4,4,0
,,,69,467,4,912,0,0,0,0
,,,70,460,8,769,0,1,0,0
,,,71,471,8,804,0,0,0,0
,,,72,973,10,759,0,3,0,0
2026-03-03,oPGEWW,ミストが膜に変わる新技術搭載！  KATEから新発売のメイクキープミスト！（マツキヨココカラLIVE）,1,395,1,0,0,0,0,0
,,,2,242,3,14,0,0,0,0
,,,3,248,3,56,0,0,0,0
,,,4,283,3,37,0,1,1,0
,,,5,296,0,16,0,0,0,0
,,,6,308,0,30,0,0,0,0
,,,7,307,4,72,0,1,1,0
,,,8,321,1,114,0,0,0,0
,,,9,318,1,58,0,4,4,0
,,,10,333,4,75,0,2,1,0
,,,11,342,3,55,0,2,2,0
,,,12,334,1,87,0,1,1,0
,,,13,340,10,16,0,1,1,0
,,,14,349,1,13,0,4,3,0
,,,15,343,3,17,0,8,8,0
,,,16,359,0,126,0,0,0,0
,,,17,344,7,186,0,4,3,0
,,,18,375,3,132,0,1,1,0
,,,19,368,1,107,0,1,1,0
,,,20,382,2,83,0,1,1,0
,,,21,401,1,34,0,2,1,0
,,,22,393,1,134,0,0,0,0
,,,23,402,1,155,0,1,1,0
,,,24,383,0,174,0,2,2,0
,,,25,397,1,326,0,1,0,0
,,,26,413,0,98,0,1,0,0
,,,27,417,12,151,0,0,0,0
,,,28,398,1,203,0,3,3,0
,,,29,442,4,199,0,3,3,0
,,,30,441,4,250,0,0,0,0
,,,31,430,0,569,0,0,0,0
,,,32,441,9,340,0,0,0,0
,,,33,442,3,348,0,0,0,0
,,,34,441,3,194,0,0,0,0
,,,35,467,9,236,0,1,1,0
,,,36,422,6,236,0,0,0,0
,,,37,420,8,398,0,1,1,0
,,,38,439,6,223,0,0,0,0
,,,39,451,4,153,0,2,2,0
,,,40,446,0,253,0,2,2,0
,,,41,451,1,123,0,0,0,0
,,,42,452,2,325,0,0,0,0
,,,43,442,4,321,0,2,2,0
,,,44,461,4,186,0,1,1,0
,,,45,481,0,231,0,1,1,0
,,,46,441,3,248,0,4,3,0
,,,47,450,3,85,0,0,0,0
,,,48,449,3,152,0,0,0,0
,,,49,465,0,316,0,2,2,0
,,,50,460,2,203,0,0,0,0
,,,51,444,7,283,0,1,1,0
,,,52,451,2,339,0,0,0,0
,,,53,447,1,251,0,3,2,0
,,,54,450,1,93,0,1,1,0
,,,55,436,5,244,0,0,0,0
,,,56,444,2,559,0,4,2,0
,,,57,460,3,314,0,2,0,0
,,,58,457,1,82,0,0,0,0
,,,59,485,1,136,0,0,0,0
,,,60,475,9,213,0,3,3,0
,,,61,476,1,121,0,3,1,0
,,,62,465,2,61,0,2,2,0
,,,63,451,0,224,0,1,1,0
,,,64,1437,3,296,0,1,1,0
2026-02-27,5x9Jkx,#PR　#マツキヨ　#BEAUSTER　岩橋玄樹さん  ×  ビュースター  コラボキャンペーン記念  （マツキヨココカラLIVE）,1,134,20,161,0,0,0,3
,,,2,104,34,265,0,1,1,0
,,,3,104,28,261,0,1,0,0
,,,4,104,19,301,0,1,1,0
,,,5,105,39,428,0,1,1,0
,,,6,105,21,254,0,0,0,0
,,,7,104,8,342,0,1,0,0
,,,8,103,8,249,0,0,0,1
,,,9,167,11,345,0,0,0,0
,,,10,242,7,315,0,1,1,0
,,,11,272,12,221,0,0,0,0
,,,12,266,9,185,0,2,2,0
,,,13,282,10,248,0,2,2,1
,,,14,280,10,163,0,0,0,0
,,,15,274,9,215,0,0,0,0
,,,16,308,9,140,0,0,0,0
,,,17,330,14,380,0,5,5,0
,,,18,330,9,327,0,4,4,0
,,,19,336,8,177,0,3,3,0
,,,20,336,15,204,0,2,2,0
,,,21,346,40,121,0,0,0,0
,,,22,355,30,331,0,8,8,0
,,,23,351,14,394,0,6,6,0
,,,24,344,23,198,0,6,6,0
,,,25,355,19,204,0,1,1,0
,,,26,359,18,333,0,3,3,0
,,,27,368,13,200,0,2,2,0
,,,28,369,7,232,0,2,2,0
,,,29,373,18,253,0,2,2,0
,,,30,378,20,238,0,1,1,0
,,,31,371,21,236,0,2,2,0
,,,32,393,10,311,0,9,9,0
,,,33,401,20,337,0,4,4,0
,,,34,406,12,208,0,2,2,0
,,,35,422,20,212,0,4,4,0
,,,36,430,15,204,0,3,3,0
,,,37,431,12,140,0,2,2,0
,,,38,417,9,243,0,1,1,0
,,,39,409,27,203,0,2,2,0
,,,40,402,41,180,0,2,2,0
,,,41,423,62,117,0,1,1,0
,,,42,456,30,222,0,0,0,0
,,,43,429,19,205,0,2,2,0
,,,44,403,45,187,0,1,1,0
,,,45,422,17,546,0,5,5,0
,,,46,899,32,268,0,3,3,0
2026-02-24,o9kmWd,"ALL3,000円以下！マツキヨ・ココカラ店員も狙う  「春の新作コスメ」レビュー（マツキヨココカラLIVE）",1,418,1,14,0,0,0,0
,,,2,253,2,65,0,0,0,0
,,,3,276,4,65,0,0,0,0
,,,4,275,3,0,0,0,0,0
,,,5,328,2,15,0,0,0,0
,,,6,329,8,60,0,0,0,0
,,,7,315,8,98,0,0,0,0
,,,8,298,3,29,0,1,0,0
,,,9,327,1,8,0,1,0,0
,,,10,352,2,1,0,1,0,0
,,,11,343,1,268,0,0,0,0
,,,12,372,1,281,0,0,0,0
,,,13,362,1,283,0,0,0,0
,,,14,379,2,301,0,0,0,0
,,,15,375,1,292,0,0,0,0
,,,16,371,2,174,0,2,2,0
,,,17,372,0,300,0,2,2,0
,,,18,351,3,189,0,0,0,0
,,,19,381,1,9,0,1,1,0
,,,20,384,1,0,0,4,4,0
,,,21,395,1,10,0,1,1,0
,,,22,397,0,0,0,0,0,0
,,,23,403,3,65,0,4,2,0
,,,24,397,0,98,0,2,2,0
,,,25,393,0,38,0,3,3,0
,,,26,393,0,10,0,1,1,0
,,,27,419,1,14,0,0,0,0
,,,28,390,4,7,0,3,3,0
,,,29,389,0,30,0,1,1,0
,,,30,406,3,2,0,1,1,0
,,,31,419,1,163,0,0,0,0
,,,32,408,0,0,0,1,0,0
,,,33,394,0,0,0,3,3,0
,,,34,373,1,0,0,0,0,0
,,,35,392,0,0,0,0,0,0
,,,36,418,2,30,0,2,2,0
,,,37,417,3,82,0,4,4,0
,,,38,409,2,80,0,2,1,0
,,,39,416,2,31,0,1,1,0
,,,40,433,0,15,0,5,5,0
,,,41,429,2,23,0,4,3,0
,,,42,438,1,0,0,4,3,0
,,,43,429,1,0,0,1,1,0
,,,44,416,1,4,0,0,0,0
,,,45,427,2,109,0,1,1,0
,,,46,426,2,29,0,2,2,0
,,,47,416,1,3,0,4,4,0
,,,48,427,1,13,0,2,1,0
,,,49,423,1,57,0,1,1,0
,,,50,455,2,3,0,0,0,0
,,,51,456,0,168,0,0,0,0
,,,52,450,1,231,0,1,0,0
,,,53,474,2,43,0,2,1,0
,,,54,438,1,35,0,7,7,0
,,,55,451,0,27,0,6,6,0
,,,56,445,1,38,0,6,5,0
,,,57,451,0,23,0,6,5,0
,,,58,464,0,73,0,4,3,0
,,,59,463,0,95,0,4,3,0
,,,60,460,0,62,0,2,2,0
,,,61,443,0,0,0,1,1,0
,,,62,1249,0,130,0,1,1,0
2026-02-17,5mYwEr,【徹底検証】『いち髪』話題のラインナップを比較！リニューアル品＆定番モデルの泡立ち・香りをリアル体感LIVE！（マツキヨココカラLIVE）,1,378,1,44,0,0,0,0
,,,2,236,3,784,0,0,0,0
,,,3,249,4,521,0,0,0,0
,,,4,266,5,747,0,0,0,0
,,,5,257,4,647,0,0,0,0
,,,6,280,5,493,0,0,0,0
,,,7,293,2,595,0,1,0,0
,,,8,299,1,815,0,0,0,0
,,,9,297,3,588,0,0,0,0
,,,10,295,5,759,0,1,1,0
,,,11,296,6,429,0,1,1,0
,,,12,302,2,535,0,1,1,0
,,,13,315,10,688,0,2,1,0
,,,14,310,0,776,0,1,1,0
,,,15,311,1,438,0,0,0,0
,,,16,337,3,559,0,0,0,0
,,,17,364,4,868,0,0,0,0
,,,18,344,2,786,0,1,0,0
,,,19,357,6,587,0,2,1,0
,,,20,347,5,536,0,0,0,0
,,,21,363,4,793,0,4,4,0
,,,22,364,0,824,0,0,0,0
,,,23,362,2,786,0,4,4,0
,,,24,344,6,698,0,0,0,0
,,,25,370,1,749,0,1,1,0
,,,26,392,1,1040,0,0,0,0
,,,27,372,1,779,0,1,0,0
,,,28,369,0,850,0,1,1,0
,,,29,423,3,690,0,5,5,0
,,,30,422,1,627,0,0,0,0
,,,31,398,2,720,0,2,1,0
,,,32,376,1,656,0,0,0,0
,,,33,356,2,544,0,2,2,0
,,,34,373,4,458,0,0,0,0
,,,35,389,0,802,0,1,1,0
,,,36,394,8,721,0,0,0,0
,,,37,398,4,1053,0,2,2,0
,,,38,394,2,690,0,1,1,0
,,,39,407,3,574,0,0,0,0
,,,40,403,1,885,0,0,0,0
,,,41,405,1,702,0,0,0,0
,,,42,401,2,913,0,2,2,0
,,,43,410,2,863,0,2,2,0
,,,44,416,2,825,0,0,0,0
,,,45,412,5,749,0,0,0,0
,,,46,408,1,1085,0,1,1,0
,,,47,407,3,760,0,0,0,0
,,,48,417,5,831,0,0,0,0
,,,49,388,0,904,0,1,1,0
,,,50,395,1,748,0,1,0,0
,,,51,415,6,427,0,1,1,0
,,,52,409,2,438,0,3,3,0
,,,53,402,1,330,0,0,0,0
,,,54,411,2,417,0,1,1,0
,,,55,404,1,771,0,0,0,0
,,,56,411,4,710,0,0,0,0
,,,57,404,2,899,0,0,0,0
,,,58,411,5,754,0,4,4,0
,,,59,410,2,771,0,2,2,0
,,,60,406,2,714,0,1,1,0
,,,61,391,2,389,0,1,1,0
,,,62,1306,6,901,0,0,0,0
2026-02-10,oWGmLx,【保湿ケア】カサつく前に！冬の乾燥に寄り添うセルフケアアイテム特集（マツキヨココカラLIVE）1/27回の再放送,1,23,0,0,0,0,0,0
,,,2,124,0,0,0,0,0,0
,,,3,142,0,0,0,0,0,0
,,,4,169,0,1,0,0,0,0
,,,5,140,0,0,0,0,0,0
,,,6,140,0,0,0,0,0,0
,,,7,161,0,0,0,0,0,0
,,,8,181,0,0,0,0,0,0
,,,9,173,0,99,0,0,0,0
,,,10,166,0,0,0,0,0,0
,,,11,173,0,0,0,0,0,0
,,,12,173,0,0,0,0,0,0
,,,13,158,0,0,0,0,0,0
,,,14,176,0,0,0,0,0,0
,,,15,182,0,0,0,0,0,0
,,,16,153,0,0,0,0,0,0
,,,17,165,0,10,0,0,0,0
,,,18,169,0,0,0,0,0,0
,,,19,169,0,0,0,0,0,0
,,,20,173,0,0,0,0,0,0
,,,21,155,0,0,0,0,0,0
,,,22,144,0,0,0,0,0,0
,,,23,153,0,0,0,0,0,0
,,,24,161,0,0,0,0,0,0
,,,25,151,0,0,0,1,1,0
,,,26,143,0,0,0,0,0,0
,,,27,156,0,0,0,0,0,1
,,,28,166,0,0,0,0,0,0
,,,29,166,1,0,0,1,0,0
,,,30,164,0,0,0,2,2,0
,,,31,176,0,0,0,0,0,0
,,,32,191,0,0,0,0,0,0
,,,33,166,0,0,0,0,0,0
,,,34,179,0,0,0,0,0,0
,,,35,167,0,0,0,0,0,0
,,,36,183,0,0,0,0,0,0
,,,37,182,0,0,0,0,0,0
,,,38,175,0,0,0,0,0,0
,,,39,161,0,0,0,0,0,0
,,,40,149,0,0,0,0,0,0
,,,41,158,0,0,0,0,0,0
,,,42,165,0,0,0,0,0,0
,,,43,161,0,0,0,1,1,0
,,,44,179,0,0,0,0,0,0
,,,45,169,0,0,0,0,0,0
,,,46,186,0,0,0,1,1,0
,,,47,198,0,0,0,0,0,0
,,,48,196,0,0,0,0,0,0
,,,49,183,0,0,0,0,0,0
,,,50,170,0,0,0,0,0,0
,,,51,177,0,0,0,0,0,0
,,,52,177,0,0,0,0,0,0
,,,53,184,0,0,0,0,0,0
,,,54,188,0,0,0,2,2,0
,,,55,200,0,0,0,0,0,0
,,,56,188,0,0,0,0,0,0
,,,57,190,0,0,0,0,0,0
,,,58,192,0,0,0,0,0,0
,,,59,201,0,0,0,0,0,0
,,,60,208,0,0,0,0,0,0
,,,61,203,0,0,0,0,0,0
,,,62,186,0,0,0,0,0,0
,,,63,195,0,0,0,0,0,0
,,,64,187,0,0,0,0,0,0
,,,65,179,0,0,0,0,0,0
,,,66,173,0,0,0,1,1,0
,,,67,173,0,0,0,0,0,0
,,,68,167,0,0,0,0,0,0
,,,69,428,0,0,0,0,0,0
2026-02-03,oPGj7y,春を笑顔で過ごしたい！デリケートな時期を快適に迎える早めの準備LIVE（マツキヨココカラLIVE）,1,350,0,0,0,0,0,0
,,,2,223,1,6,0,0,0,0
,,,3,211,5,2,0,0,0,0
,,,4,214,0,1,0,0,0,0
,,,5,251,1,0,0,0,0,0
,,,6,256,2,6,0,0,0,0
,,,7,240,6,8,0,0,0,0
,,,8,241,1,2,0,4,4,0
,,,9,261,1,5,0,0,0,0
,,,10,251,0,0,0,0,0,0
,,,11,275,2,0,0,0,0,0
,,,12,286,1,33,0,0,0,0
,,,13,295,2,91,0,0,0,0
,,,14,296,3,5,0,4,4,0
,,,15,300,2,4,0,1,1,0
,,,16,298,1,2,0,2,2,0
,,,17,292,0,45,0,3,3,0
,,,18,304,2,18,0,2,2,0
,,,19,308,6,24,0,0,0,0
,,,20,315,2,16,0,0,0,0
,,,21,323,1,46,0,0,0,0
,,,22,320,1,11,0,1,1,0
,,,23,344,2,15,0,3,2,0
,,,24,328,1,17,0,1,0,0
,,,25,324,2,13,0,6,6,0
,,,26,336,1,13,0,7,6,0
,,,27,325,5,8,0,3,2,0
,,,28,321,2,2,0,1,1,0
,,,29,324,2,3,0,2,2,0
,,,30,337,3,7,0,1,1,0
,,,31,352,3,100,0,2,2,0
,,,32,350,5,89,0,0,0,0
,,,33,368,6,60,0,2,2,0
,,,34,359,6,14,0,1,1,0
,,,35,367,2,3,0,0,0,0
,,,36,364,0,1,0,0,0,0
,,,37,389,0,0,0,0,0,0
,,,38,376,2,3,0,1,1,0
,,,39,373,0,4,0,2,2,0
,,,40,362,2,6,0,1,1,0
,,,41,395,0,19,0,1,1,0
,,,42,350,7,27,0,3,2,0
,,,43,356,2,10,0,3,3,0
,,,44,361,2,1,0,4,4,0
,,,45,351,1,18,0,1,1,0
,,,46,375,0,29,0,4,4,0
,,,47,396,2,31,0,1,1,0
,,,48,387,6,16,0,0,0,0
,,,49,376,0,24,0,0,0,0
,,,50,376,0,29,0,3,3,0
,,,51,389,3,22,0,3,3,0
,,,52,381,3,33,0,1,1,0
,,,53,360,1,20,0,1,1,0
,,,54,367,2,25,0,2,2,0
,,,55,374,0,14,0,1,1,0
,,,56,378,1,14,0,4,4,0
,,,57,390,0,0,0,2,2,0
,,,58,413,1,3,0,6,6,0
,,,59,392,0,3,0,2,2,0
,,,60,396,1,3,0,2,2,0
,,,61,395,1,16,0,5,4,0
,,,62,391,0,6,0,3,2,0
,,,63,390,2,10,0,0,0,0
,,,64,413,1,7,0,0,0,0
,,,65,409,1,0,0,0,0,0
,,,66,383,2,18,0,1,1,0
,,,67,390,3,61,0,1,1,0
,,,68,383,3,51,0,1,1,0
,,,69,361,1,31,0,7,7,0
,,,70,374,0,8,0,2,2,0
,,,71,403,1,19,0,6,5,0
,,,72,368,3,22,0,3,3,0
,,,73,378,0,14,0,2,2,0
,,,74,357,1,29,0,1,1,0
,,,75,355,3,70,0,5,5,0
,,,76,362,2,250,0,0,0,0
,,,77,1186,4,139,0,1,1,0
2026-01-27,oQGrbX,【保湿ケア】カサつく前に！冬の乾燥に寄り添うセルフケアアイテム特集（マツキヨココカラLIVE）,1,379,1,2,0,0,0,0
,,,2,244,2,13,0,0,0,0
,,,3,237,3,2,0,0,0,0
,,,4,251,3,3,0,0,0,0
,,,5,278,1,166,0,0,0,0
,,,6,299,0,1,0,0,0,0
,,,7,308,0,5,0,0,0,0
,,,8,326,7,307,0,0,0,0
,,,9,328,3,383,0,0,0,0
,,,10,327,5,406,0,0,0,0
,,,11,352,10,271,0,1,0,0
,,,12,372,1,421,0,0,0,0
,,,13,365,0,367,0,0,0,0
,,,14,384,3,415,0,1,1,0
,,,15,382,4,430,0,0,0,0
,,,16,381,5,694,0,5,5,0
,,,17,400,10,443,0,21,21,0
,,,18,387,2,594,0,23,22,0
,,,19,374,3,457,0,0,0,0
,,,20,382,4,79,0,0,0,0
,,,21,395,4,439,0,1,1,0
,,,22,388,3,479,0,3,3,0
,,,23,403,5,788,0,4,2,0
,,,24,373,4,573,0,0,0,0
,,,25,388,1,494,0,6,5,0
,,,26,399,3,407,0,3,2,0
,,,27,408,0,524,0,1,1,0
,,,28,425,3,450,0,3,3,0
,,,29,405,4,584,0,3,3,0
,,,30,407,1,514,0,1,0,0
,,,31,403,2,383,0,1,1,0
,,,32,402,5,478,0,1,1,0
,,,33,418,4,216,0,0,0,0
,,,34,414,4,357,0,0,0,0
,,,35,437,10,378,0,3,1,0
,,,36,427,9,227,0,0,0,0
,,,37,415,0,466,0,7,7,0
,,,38,436,6,169,0,1,0,0
,,,39,436,4,495,0,0,0,0
,,,40,476,0,529,0,3,0,0
,,,41,472,3,665,0,1,1,0
,,,42,450,1,662,0,1,1,0
,,,43,470,1,482,0,1,0,0
,,,44,495,1,393,0,6,5,0
,,,45,496,1,506,0,1,1,0
,,,46,462,3,521,0,1,1,0
,,,47,453,2,688,0,0,0,0
,,,48,442,1,634,0,4,3,0
,,,49,431,4,467,0,2,2,0
,,,50,446,7,478,0,1,1,0
,,,51,453,2,636,0,2,1,0
,,,52,433,2,213,0,3,3,0
,,,53,428,4,397,0,3,3,0
,,,54,445,4,484,0,5,4,0
,,,55,465,3,419,0,1,1,0
,,,56,456,4,573,0,1,1,0
,,,57,434,4,514,0,3,3,0
,,,58,434,2,266,0,0,0,0
,,,59,439,4,436,0,3,3,0
,,,60,442,8,432,0,2,2,0
,,,61,475,4,485,0,9,9,0
,,,62,487,2,481,0,3,3,0
,,,63,492,3,508,0,2,2,0
,,,64,476,1,544,0,1,0,0
,,,65,464,2,500,0,1,1,0
,,,66,470,9,445,0,0,0,0
,,,67,467,0,1188,0,0,0,0
,,,68,452,7,859,0,1,1,0
,,,69,1450,4,765,0,5,2,0
2026-01-23,oeVYOP,★260123本番,1,1,0,0,0,0,0,0
,,,2,1,0,0,0,0,0,0
,,,3,1,0,0,0,0,0,0
,,,4,1,0,0,0,0,0,0
,,,5,1,0,0,0,0,0,0
,,,6,5,0,0,0,0,0,0
2026-01-20,gYGRpY,ライブ配信で反響が大きかった  「ガチ推し」コスメランキング,1,382,0,1,0,0,0,0
,,,2,256,2,1,0,0,0,0
,,,3,258,1,0,0,0,0,0
,,,4,280,0,0,0,0,0,0
,,,5,313,0,0,0,0,0,0
,,,6,326,0,0,0,0,0,0
,,,7,326,2,37,0,0,0,0
,,,8,321,2,34,0,0,0,0
,,,9,304,1,1,0,0,0,0
,,,10,314,1,0,0,2,1,0
,,,11,331,0,2,0,0,0,0
,,,12,343,1,2,0,0,0,0
,,,13,319,1,1,0,2,2,0
,,,14,350,0,4,0,0,0,0
,,,15,354,0,9,0,0,0,0
,,,16,352,0,19,0,1,1,0
,,,17,365,2,0,0,0,0,0
,,,18,350,2,4,0,0,0,0
,,,19,357,0,22,0,3,3,0
,,,20,381,0,2,0,0,0,0
,,,21,382,1,4,0,0,0,0
,,,22,387,0,4,0,1,1,0
,,,23,382,3,0,0,0,0,0
,,,24,404,0,6,0,0,0,0
,,,25,401,0,26,0,0,0,0
,,,26,377,3,4,0,2,2,0
,,,27,402,1,61,0,1,1,0
,,,28,383,0,12,0,0,0,0
,,,29,372,2,1,0,1,1,0
,,,30,398,0,11,0,2,2,0
,,,31,408,0,0,0,3,3,0
,,,32,409,0,2,0,4,2,0
,,,33,409,0,98,0,5,3,0
,,,34,397,0,180,0,1,1,0
,,,35,413,1,38,0,2,2,0
,,,36,397,1,30,0,0,0,0
,,,37,390,0,5,0,2,2,0
,,,38,407,5,11,0,1,1,0
,,,39,438,2,296,0,0,0,0
,,,40,450,0,267,0,0,0,0
,,,41,450,2,208,0,3,3,0
,,,42,474,0,14,0,2,2,0
,,,43,456,1,205,0,1,1,0
,,,44,479,0,258,0,0,0,0
,,,45,471,0,211,0,6,6,0
,,,46,478,0,1,0,4,4,0
,,,47,462,1,25,0,1,1,0
,,,48,482,1,35,0,1,1,0
,,,49,466,3,51,0,0,0,0
,,,50,461,0,22,0,5,5,0
,,,51,452,2,42,0,0,0,0
,,,52,463,1,236,0,4,4,0
,,,53,451,3,160,0,3,3,0
,,,54,454,2,497,0,3,3,0
,,,55,456,2,528,0,2,2,0
,,,56,446,2,410,0,0,0,0
,,,57,440,3,321,0,0,0,0
,,,58,470,0,305,0,1,1,0
,,,59,467,4,302,0,4,4,0
,,,60,478,3,116,0,4,4,0
,,,61,484,3,0,0,2,1,0
,,,62,474,2,30,0,2,2,0
,,,63,471,3,51,0,6,5,0
,,,64,474,5,73,0,2,0,0
,,,65,466,1,34,0,0,0,0
,,,66,483,1,24,0,1,1,0
,,,67,470,1,114,0,0,0,0
,,,68,468,0,140,0,2,1,0
,,,69,853,1,140,0,0,0,0
2026-01-13,gpDRlb,【新春LIVE】身だしなみで自信を。  新年のスタートダッシュを切るセルフケア特集  (マツキヨココカラLIVE）,1,435,0,0,0,0,0,0
,,,2,264,0,0,0,0,0,0
,,,3,270,3,0,0,0,0,0
,,,4,259,1,0,0,0,0,0
,,,5,267,1,0,0,1,1,0
,,,6,301,0,0,0,0,0,0
,,,7,305,1,0,0,0,0,0
,,,8,304,1,3,0,0,0,0
,,,9,315,3,0,0,0,0,0
,,,10,339,2,21,0,0,0,0
,,,11,342,2,0,0,1,1,0
,,,12,332,1,30,0,1,1,0
,,,13,349,1,237,0,1,1,0
,,,14,361,0,9,0,1,1,0
,,,15,333,0,0,0,1,1,0
,,,16,349,0,0,0,3,3,0
,,,17,353,1,1,0,2,2,0
,,,18,347,3,1,0,2,1,0
,,,19,355,0,0,0,1,1,0
,,,20,387,2,0,0,1,1,0
,,,21,377,3,0,0,2,2,0
,,,22,365,0,0,0,0,0,0
,,,23,364,2,0,0,2,2,0
,,,24,386,0,0,0,1,1,0
,,,25,398,3,31,0,1,1,0
,,,26,384,0,2,0,3,3,0
,,,27,389,0,6,0,1,1,0
,,,28,383,1,0,0,1,1,0
,,,29,400,1,0,0,1,1,0
,,,30,380,0,0,0,2,2,0
,,,31,378,0,0,0,2,2,0
,,,32,386,1,0,0,0,0,0
,,,33,387,3,3,0,2,1,0
,,,34,385,3,53,0,1,0,0
,,,35,387,3,4,0,1,1,0
,,,36,386,2,0,0,1,1,0
,,,37,384,1,0,0,2,2,0
,,,38,397,1,2,0,0,0,0
,,,39,406,5,1,0,0,0,0
,,,40,408,1,12,0,0,0,0
,,,41,400,0,0,0,1,1,0
,,,42,413,0,9,0,1,0,0
,,,43,421,1,7,0,0,0,0
,,,44,412,0,1,0,0,0,0
,,,45,406,0,5,0,1,1,0
,,,46,430,0,3,0,0,0,0
,,,47,436,5,18,0,0,0,0
,,,48,450,0,64,0,0,0,0
,,,49,439,5,15,0,1,1,0
,,,50,1174,0,88,0,1,1,0
,gpDmnX,ライブ配信で反響が大きかった  「ガチ推し」コスメランキング,1,2,0,0,0,0,0,0
2025-12-23,5DGKqE,Copy  of  「年内ラスト配信！」  自腹購入アイテムプレゼン対決！（マツキヨココカラLIVE）,2,1,0,0,0,0,0,0
,,,3,3,0,0,0,0,0,0
,,,4,4,0,0,0,0,0,0
,,,5,4,0,0,0,0,0,0
,,,6,4,0,0,0,0,0,0
,,,7,4,0,0,0,0,0,0
,,,8,4,0,0,0,0,0,0
,,,9,4,0,0,0,0,0,0
,,,10,4,0,0,0,0,0,0
,,,11,4,0,0,0,0,0,0
,,,12,4,0,0,0,0,0,0
,,,13,4,0,0,0,0,0,0
,,,14,4,0,0,0,0,0,0
,,,15,4,0,0,0,0,0,0
,,,16,4,0,0,0,0,0,0
,,,17,4,0,0,0,0,0,0
,,,18,4,0,0,0,0,0,0
,,,19,4,0,0,0,0,0,0
,,,20,4,0,0,0,0,0,0
,,,21,4,0,0,0,0,0,0
,,,22,4,0,0,0,0,0,0
,,,23,3,0,0,0,0,0,0
,,,24,3,0,0,0,0,0,0
,,,25,3,0,0,0,0,0,0
,,,26,3,0,0,0,0,0,0
,,,27,3,0,0,0,0,0,0
,,,28,3,0,0,0,0,0,0
,,,29,3,0,0,0,0,0,0
,,,30,3,0,0,0,0,0,0
,,,31,3,0,0,0,0,0,0
,,,32,3,0,0,0,0,0,0
,,,33,3,0,0,0,0,0,0
,,,34,3,0,0,0,0,0,0
,,,35,3,0,0,0,0,0,0
,,,36,3,0,0,0,0,0,0
,,,37,3,0,0,0,0,0,0
,,,38,3,0,0,0,0,0,0
,,,39,3,0,0,0,0,0,0
,,,40,3,0,0,0,0,0,0
,,,41,3,0,0,0,0,0,0
,,,42,3,0,0,0,0,0,0
,,,43,3,0,0,0,0,0,0
,,,44,3,0,0,0,0,0,0
,,,45,3,0,0,0,0,0,0
,,,46,2,0,0,0,0,0,0
,,,47,2,0,0,0,0,0,0
,,,48,2,0,0,0,0,0,0
,,,49,2,0,0,0,0,0,0
,,,50,2,0,0,0,0,0,0
,,,51,2,0,0,0,0,0,0
,,,52,2,0,0,0,0,0,0
,,,53,2,0,0,0,0,0,0
,,,54,2,0,0,0,0,0,0
,,,55,2,0,0,0,0,0,0
,,,56,2,0,0,0,0,0,0
,,,57,2,0,0,0,0,0,0
,,,58,2,0,0,0,0,0,0
,,,59,2,0,0,0,0,0,0
,,,60,2,0,0,0,0,0,0
,,,61,2,0,0,0,0,0,0
,,,62,2,0,0,0,0,0,0
,,,63,2,0,0,0,0,0,0
,,,64,4,0,0,0,0,0,0
,5DGY2E,「年内ラスト配信！」  自腹購入アイテムプレゼン対決！（マツキヨココカラLIVE）,1,179,5,0,0,0,0,0
,,,2,217,11,5,0,0,0,0
,,,3,200,2,63,0,0,0,0
,,,4,230,4,2,0,0,0,0
,,,5,248,7,1,0,0,0,0
,,,6,266,1,35,0,1,1,0
,,,7,269,3,2,0,2,2,0
,,,8,273,3,1,0,1,1,0
,,,9,283,0,3,0,0,0,0
,,,10,305,3,7,0,1,1,0
,,,11,293,3,3,0,3,3,0
,,,12,285,1,0,0,1,1,0
,,,13,295,0,0,0,0,0,0
,,,14,320,7,1,0,0,0,0
,,,15,326,2,3,0,0,0,0
,,,16,333,0,1,0,1,1,0
,,,17,348,3,2,0,2,2,0
,,,18,317,4,1,0,2,2,0
,,,19,331,5,0,0,3,2,0
,,,20,334,4,2,0,2,2,0
,,,21,338,1,68,0,4,4,0
,,,22,375,3,204,0,1,1,0
,,,23,367,2,4,0,1,1,0
,,,24,354,9,1,0,0,0,0
,,,25,345,0,3,0,0,0,0
,,,26,335,4,2,0,0,0,0
,,,27,343,5,1,0,1,1,0
,,,28,379,4,0,0,1,1,0
,,,29,369,1,1,0,0,0,0
,,,30,347,5,0,0,0,0,0
,,,31,371,1,197,0,3,3,0
,,,32,379,3,39,0,0,0,0
,,,33,387,2,0,0,3,3,0
,,,34,401,0,3,0,1,1,0
,,,35,369,1,7,0,2,2,0
,,,36,375,4,0,0,0,0,0
,,,37,405,5,2,0,2,1,0
,,,38,383,3,4,0,0,0,0
,,,39,388,6,34,0,1,1,0
,,,40,386,2,2,0,1,1,0
,,,41,412,1,14,0,4,1,0
,,,42,397,1,5,0,0,0,0
,,,43,392,1,16,0,0,0,0
,,,44,387,3,1,0,0,0,0
,,,45,402,5,0,0,1,1,0
,,,46,404,7,1,0,0,0,0
,,,47,424,3,12,0,1,1,0
,,,48,411,7,22,0,1,1,0
,,,49,406,0,19,0,3,3,0
,,,50,406,0,2,0,0,0,0
,,,51,408,4,2,0,2,2,0
,,,52,405,2,5,0,3,3,0
,,,53,403,2,32,0,0,0,0
,,,54,426,1,3,0,1,1,0
,,,55,436,2,2,0,1,1,0
,,,56,414,1,1,0,2,1,0
,,,57,408,6,45,0,3,3,0
,,,58,424,3,1,0,0,0,0
,,,59,429,3,4,0,2,1,0
,,,60,437,6,1,0,0,0,0
,,,61,406,6,0,0,0,0,0
,,,62,398,4,1,0,1,1,0
,,,63,394,1,4,0,1,1,0
,,,64,403,1,1,0,3,3,1
,,,65,406,1,4,0,0,0,0
,,,66,397,1,1,0,1,1,0
,,,67,402,4,339,0,5,3,0
,,,68,1458,3,338,0,1,1,0
2025-12-19,oeVM67,★配信レクチャー1219,5,1,0,0,0,0,0,0
2025-12-16,vJG0ln,前髪がキマれば気分もアガる！  プロスタイルのバブル・いち髪のコーム  “なりたい”をつくる前髪スタイリング,1,197,2,13,0,0,0,0
,,,2,237,0,59,0,1,1,0
,,,3,267,5,62,0,0,0,0
,,,4,258,6,26,0,0,0,0
,,,5,273,8,1,0,1,1,0
,,,6,274,2,28,0,7,7,0
,,,7,268,4,1,0,0,0,0
,,,8,278,8,0,0,0,0,0
,,,9,306,3,7,0,2,2,0
,,,10,317,2,17,0,1,1,0
,,,11,311,7,59,0,0,0,0
,,,12,325,3,4,0,0,0,0
,,,13,326,3,13,0,0,0,0
,,,14,323,1,4,0,0,0,0
,,,15,347,0,4,0,1,1,0
,,,16,326,9,7,0,2,0,0
,,,17,325,2,9,0,0,0,0
,,,18,342,7,11,0,0,0,0
,,,19,360,2,352,0,4,4,0
,,,20,378,2,254,0,3,3,0
,,,21,377,3,97,0,5,5,0
,,,22,382,4,74,0,0,0,0
,,,23,379,8,43,0,0,0,0
,,,24,379,3,7,0,1,1,0
,,,25,386,5,13,0,2,2,0
,,,26,387,4,9,0,0,0,0
,,,27,401,11,8,0,0,0,0
,,,28,387,3,188,0,4,4,0
,,,29,392,6,107,0,5,5,0
,,,30,410,0,8,0,1,1,0
,,,31,415,9,0,0,1,1,0
,,,32,432,1,10,0,4,3,0
,,,33,430,1,4,0,1,1,0
,,,34,433,0,1,0,0,0,0
,,,35,426,0,0,0,1,1,0
,,,36,403,5,17,0,1,1,0
,,,37,428,2,1,0,1,1,0
,,,38,400,1,39,0,2,1,0
,,,39,408,3,16,0,3,3,0
,,,40,417,0,15,0,1,1,0
,,,41,424,1,98,0,1,1,0
,,,42,392,3,66,0,1,1,0
,,,43,406,1,101,0,0,0,0
,,,44,421,10,20,0,1,1,0
,,,45,423,5,2,0,0,0,0
,,,46,407,4,1,0,0,0,0
,,,47,408,4,158,0,3,3,0
,,,48,418,3,47,0,2,2,0
,,,49,420,5,67,0,5,5,0
,,,50,418,5,74,0,3,3,0
,,,51,406,4,173,0,3,3,0
,,,52,438,1,91,0,1,1,0
,,,53,431,4,91,0,3,3,0
,,,54,428,1,3,0,3,3,0
,,,55,429,4,22,0,4,4,0
,,,56,430,2,114,0,0,0,0
,,,57,412,6,94,0,1,1,0
,,,58,426,4,244,0,10,10,0
,,,59,1102,2,241,0,5,5,0
2025-12-09,5aXdRa,＼年末の大掃除、迷ったらこれ！／  溜まった汚れをゴッソリ、まとめてスッキリ  万能アイテム大集合！（マツキヨココカラLIVE）,1,241,0,0,0,0,0,0
,,,2,250,0,9,0,0,0,0
,,,3,237,2,10,0,0,0,0
,,,4,240,2,19,0,0,0,0
,,,5,265,2,45,0,0,0,0
,,,6,291,1,36,0,0,0,0
,,,7,300,0,53,0,1,1,0
,,,8,273,0,22,0,0,0,0
,,,9,302,3,73,0,0,0,0
,,,10,298,0,57,0,0,0,0
,,,11,313,0,107,0,0,0,0
,,,12,331,0,46,0,0,0,0
,,,13,349,1,70,0,0,0,0
,,,14,324,0,57,0,1,1,0
,,,15,349,1,75,0,0,0,0
,,,16,348,1,57,0,2,2,0
,,,17,356,3,105,0,0,0,0
,,,18,362,1,112,0,1,1,0
,,,19,379,0,113,0,1,1,0
,,,20,363,0,83,0,0,0,0
,,,21,378,3,39,0,0,0,0
,,,22,379,2,81,0,1,0,0
,,,23,397,0,6,0,0,0,0
,,,24,412,1,21,0,1,1,0
,,,25,419,1,65,0,0,0,0
,,,26,415,2,56,0,0,0,0
,,,27,414,0,125,0,0,0,0
,,,28,411,1,110,0,2,2,0
,,,29,391,0,100,0,0,0,0
,,,30,399,0,101,0,0,0,0
,,,31,419,0,83,0,1,0,0
,,,32,407,0,83,0,1,1,0
,,,33,429,2,38,0,3,2,0
,,,34,412,0,96,0,1,1,0
,,,35,401,0,56,0,2,1,0
,,,36,417,0,68,0,0,0,0
,,,37,405,0,21,0,0,0,0
,,,38,417,3,55,0,2,2,0
,,,39,416,0,71,0,0,0,0
,,,40,405,0,42,0,1,1,0
,,,41,423,0,44,0,0,0,0
,,,42,446,3,84,0,1,1,0
,,,43,452,0,135,0,0,0,0
,,,44,423,1,104,0,1,1,0
,,,45,440,0,127,0,1,1,0
,,,46,446,2,153,0,2,1,0
,,,47,434,1,75,0,2,2,0
,,,48,432,0,86,0,0,0,0
,,,49,430,0,63,0,3,2,0
,,,50,461,0,38,0,0,0,0
,,,51,452,2,87,0,1,1,0
,,,52,450,1,117,0,1,1,0
,,,53,452,0,85,0,1,1,0
,,,54,458,5,160,0,1,1,0
,,,55,463,1,151,0,1,1,0
,,,56,471,0,82,0,1,1,0
,,,57,459,1,103,0,2,2,0
,,,58,472,0,114,0,0,0,0
,,,59,449,0,74,0,0,0,0
,,,60,454,0,14,0,0,0,0
,,,61,452,1,110,0,1,1,0
,,,62,446,0,81,0,1,1,0
,,,63,425,8,66,0,0,0,0
,,,64,433,0,93,0,3,3,0
,,,65,446,0,101,0,2,2,0
,,,66,1476,0,148,0,6,6,0
2025-12-02,o8q631,【時短ミニマルメイク】  「nake」で叶える、素肌を活かした新提案,1,197,0,0,0,0,0,0
,,,2,217,0,0,0,0,0,0
,,,3,230,0,187,0,0,0,0
,,,4,234,1,3,0,0,0,0
,,,5,259,4,2,0,0,0,0
,,,6,269,0,3,0,3,3,0
,,,7,256,1,0,0,4,4,0
,,,8,257,0,0,0,0,0,0
,,,9,262,0,4,0,0,0,0
,,,10,271,2,0,0,1,1,0
,,,11,297,1,1,0,1,1,0
,,,12,299,1,0,0,0,0,0
,,,13,334,1,21,0,2,1,0
,,,14,310,2,119,0,1,1,0
,,,15,315,2,2,0,2,2,0
,,,16,335,0,0,0,1,1,0
,,,17,348,1,0,0,0,0,0
,,,18,358,3,2,0,2,2,0
,,,19,363,4,11,0,4,3,0
,,,20,384,1,1,0,3,3,0
,,,21,367,1,18,0,0,0,0
,,,22,360,2,1,0,0,0,0
,,,23,387,2,0,0,0,0,0
,,,24,372,0,0,0,2,2,0
,,,25,375,4,3,0,0,0,0
,,,26,371,2,3,0,3,3,0
,,,27,373,2,7,0,4,4,0
,,,28,366,0,1,0,1,0,0
,,,29,393,1,1,0,3,0,0
,,,30,404,0,10,0,2,1,0
,,,31,390,7,48,0,1,1,0
,,,32,381,2,0,0,1,1,0
,,,33,394,4,4,0,0,0,0
,,,34,392,0,1,0,1,1,0
,,,35,391,4,7,0,0,0,0
,,,36,377,1,3,0,3,3,0
,,,37,411,3,1,0,1,1,0
,,,38,389,1,7,0,0,0,0
,,,39,397,0,0,0,2,2,0
,,,40,407,1,10,0,2,2,0
,,,41,407,3,2,0,3,3,0
,,,42,408,2,9,0,1,1,0
,,,43,428,2,58,0,0,0,0
,,,44,429,3,8,0,0,0,0
,,,45,422,2,6,0,2,2,0
,,,46,401,3,9,0,6,6,0
,,,47,404,1,13,0,0,0,0
,,,48,388,0,4,0,2,2,0
,,,49,398,0,10,0,0,0,0
,,,50,411,1,0,0,4,4,0
,,,51,401,3,0,0,0,0,0
,,,52,396,5,4,0,4,4,0
,,,53,438,6,5,0,1,1,0
,,,54,437,3,3,0,2,2,0
,,,55,423,0,0,0,2,2,0
,,,56,424,2,0,0,0,0,0
,,,57,424,0,0,0,1,0,0
,,,58,435,6,125,0,1,1,0
,,,59,445,3,175,0,2,2,0
,,,60,446,5,163,0,4,4,0
,,,61,439,2,4,0,0,0,0
,,,62,411,5,28,0,6,6,0
,,,63,410,4,50,0,12,12,0
,,,64,427,4,12,0,2,2,0
,,,65,453,1,15,0,3,3,0
,,,66,447,0,62,0,0,0,0
,,,67,438,6,33,0,0,0,0
,,,68,406,5,55,0,1,1,0
,,,69,1294,4,58,0,5,2,0
2025-11-28,o9q9Rr,描くたびケアできる  まつ毛美容液発想の進化系アイライナー「LINE  BOOST」（マツキヨココカラLIVE）,1,224,5,67,0,0,0,0
,,,2,252,2,10,0,1,1,0
,,,3,266,4,4,0,1,0,0
,,,4,292,1,67,0,2,2,0
,,,5,280,10,14,0,2,2,0
,,,6,287,8,5,0,1,1,0
,,,7,290,3,54,0,1,1,0
,,,8,301,0,281,0,5,5,0
,,,9,322,1,334,0,1,1,0
,,,10,312,4,265,0,1,1,0
,,,11,305,1,33,0,1,1,0
,,,12,331,2,25,0,1,1,0
,,,13,322,2,10,0,1,1,0
,,,14,346,1,79,0,0,0,0
,,,15,356,1,74,0,1,1,0
,,,16,336,5,54,0,0,0,0
,,,17,355,3,7,0,3,3,0
,,,18,353,1,1,0,1,1,0
,,,19,352,2,1,0,1,1,0
,,,20,356,0,1,0,2,2,0
,,,21,382,1,0,0,0,0,0
,,,22,366,2,2,0,5,5,0
,,,23,358,3,0,0,3,3,0
,,,24,362,2,1,0,4,4,0
,,,25,373,4,0,0,4,4,0
,,,26,389,4,1,0,9,8,0
,,,27,373,4,24,0,4,4,0
,,,28,379,4,1,0,1,1,0
,,,29,385,3,5,0,3,3,0
,,,30,390,5,10,0,0,0,0
,,,31,400,2,1,0,0,0,0
,,,32,389,5,112,0,3,3,0
,,,33,395,4,165,0,1,1,0
,,,34,389,1,31,0,0,0,0
,,,35,401,3,3,0,2,2,0
,,,36,407,0,11,0,6,6,0
,,,37,402,3,0,0,1,1,0
,,,38,395,3,32,0,0,0,0
,,,39,387,3,51,0,0,0,0
,,,40,394,3,51,0,2,2,0
,,,41,420,0,13,0,0,0,0
,,,42,416,2,16,0,0,0,0
,,,43,429,2,116,0,2,2,0
,,,44,441,4,4,0,1,1,0
,,,45,426,3,2,0,0,0,0
,,,46,444,2,0,0,0,0,0
,,,47,426,8,144,0,0,0,0
,,,48,437,1,2,0,1,1,0
,,,49,419,3,32,0,1,1,0
,,,50,413,4,101,0,2,2,0
,,,51,408,6,30,0,2,2,0
,,,52,420,3,1,0,1,1,0
,,,53,441,2,1,0,4,4,0
,,,54,454,5,0,0,2,2,0
,,,55,432,1,12,0,1,1,0
,,,56,435,1,133,0,2,2,0
,,,57,459,1,217,0,0,0,0
,,,58,448,2,334,0,5,4,0
,,,59,427,3,33,0,0,0,0
,,,60,439,1,0,0,1,1,0
,,,61,413,0,0,0,1,1,0
,,,62,424,1,0,0,3,2,0
,,,63,412,10,0,0,1,1,0
,,,64,436,2,289,0,0,0,0
,,,65,1627,2,1,0,2,2,0
2025-11-18,o0qkqk,【美容インフルエンサーも推し確！】  +tmrのタンパク質着目ケアで  ブリーチ毛・ハイダメージ毛もするん♪な指通り（マツキヨココカラLIVE）,1,180,0,88,0,1,1,0
,,,2,238,1,285,0,1,1,0
,,,3,254,7,277,0,0,0,0
,,,4,280,1,225,0,1,1,0
,,,5,272,4,44,0,0,0,0
,,,6,280,12,163,0,1,1,0
,,,7,296,8,98,0,1,1,0
,,,8,302,4,307,0,0,0,0
,,,9,294,13,661,0,0,0,0
,,,10,277,7,427,0,3,3,0
,,,11,299,3,425,0,0,0,0
,,,12,303,6,334,0,1,1,0
,,,13,332,1,431,0,1,1,0
,,,14,322,6,402,0,3,3,0
,,,15,339,5,505,0,1,1,0
,,,16,320,0,454,0,0,0,0
,,,17,347,2,298,0,1,1,0
,,,18,342,0,308,0,0,0,0
,,,19,339,5,542,0,1,1,0
,,,20,335,7,497,0,0,0,0
,,,21,350,1,110,0,0,0,0
,,,22,365,3,147,0,2,1,0
,,,23,353,3,64,0,0,0,0
,,,24,354,0,19,0,4,1,0
,,,25,361,8,325,0,0,0,0
,,,26,365,0,455,0,0,0,0
,,,27,390,7,521,0,0,0,0
,,,28,400,2,470,0,1,1,0
,,,29,398,2,380,0,2,2,0
,,,30,397,2,384,0,0,0,0
,,,31,388,3,255,0,0,0,0
,,,32,389,0,45,0,0,0,0
,,,33,406,4,190,0,4,4,0
,,,34,419,6,504,0,0,0,0
,,,35,403,2,352,0,7,6,0
,,,36,392,2,424,0,2,2,0
,,,37,388,4,263,0,3,3,0
,,,38,392,1,205,0,2,2,0
,,,39,403,2,290,0,0,0,0
,,,40,396,4,353,0,1,1,0
,,,41,386,1,329,0,1,1,0
,,,42,400,7,395,0,0,0,0
,,,43,418,3,373,0,0,0,0
,,,44,415,0,256,0,5,5,0
,,,45,396,10,222,0,3,3,0
,,,46,426,3,224,0,4,4,0
,,,47,427,2,208,0,5,5,0
,,,48,429,1,396,0,1,1,0
,,,49,423,3,399,0,1,1,0
,,,50,422,6,273,0,3,3,0
,,,51,418,5,359,0,5,4,0
,,,52,425,2,254,0,3,3,0
,,,53,450,1,220,0,3,2,0
,,,54,443,2,237,0,5,5,0
,,,55,445,0,1134,0,3,3,0
,,,56,458,3,1117,0,3,3,0
,,,57,437,0,1030,0,5,5,0
,,,58,430,16,484,0,4,3,0
,,,59,445,4,283,0,4,3,0
,,,60,460,2,216,0,1,1,0
,,,61,425,3,413,0,3,3,0
,,,62,1634,8,594,0,0,0,0
2025-11-11,5z2p0d,【貼ってほっとくだけ】  極薄顔用パッチで  ニキビ跡などの顔肌悩みを保護＆ケア！,1,187,0,0,0,0,0,0
,,,2,185,1,9,0,0,0,0
,,,3,207,0,135,0,0,0,0
,,,4,222,2,15,0,0,0,0
,,,5,212,4,47,0,0,0,0
,,,6,250,6,39,0,0,0,0
,,,7,274,1,96,0,0,0,0
,,,8,274,1,59,0,0,0,0
,,,9,295,1,46,0,0,0,0
,,,10,281,0,74,0,0,0,0
,,,11,328,6,52,0,3,3,0
,,,12,337,3,60,0,0,0,0
,,,13,361,1,63,0,0,0,0
,,,14,333,0,43,0,1,1,0
,,,15,326,1,27,0,1,0,0
,,,16,344,4,30,0,2,1,0
,,,17,351,1,22,0,0,0,0
,,,18,349,2,16,0,0,0,0
,,,19,341,1,43,0,3,3,0
,,,20,379,0,44,0,6,5,0
,,,21,369,0,44,0,0,0,0
,,,22,379,1,68,0,0,0,0
,,,23,373,1,101,0,1,1,0
,,,24,378,1,85,0,0,0,0
,,,25,394,1,50,0,1,1,0
,,,26,377,2,39,0,1,1,0
,,,27,370,3,41,0,0,0,0
,,,28,380,3,48,0,0,0,0
,,,29,371,0,49,0,1,1,0
,,,30,366,0,42,0,0,0,0
,,,31,384,1,92,0,1,1,0
,,,32,374,1,66,0,1,1,0
,,,33,364,0,55,0,0,0,0
,,,34,382,1,22,0,1,1,0
,,,35,386,3,24,0,1,1,0
,,,36,374,1,45,0,1,1,0
,,,37,380,0,19,0,4,4,0
,,,38,414,1,23,0,0,0,0
,,,39,392,0,42,0,1,1,0
,,,40,390,3,37,0,0,0,0
,,,41,383,0,20,0,0,0,0
,,,42,392,0,37,0,0,0,0
,,,43,398,2,12,0,0,0,0
,,,44,402,0,12,0,0,0,0
,,,45,412,1,7,0,0,0,0
,,,46,415,2,97,0,2,0,0
,,,47,405,0,28,0,2,2,0
,,,48,426,0,26,0,1,1,0
,,,49,412,1,46,0,0,0,0
,,,50,443,1,159,0,2,2,0
,,,51,439,0,194,0,2,2,0
,,,52,434,1,6,0,0,0,0
,,,53,448,5,24,0,1,1,0
,,,54,429,0,22,0,1,1,0
,,,55,414,0,36,0,0,0,0
,,,56,423,2,35,0,2,2,0
,,,57,424,0,63,0,3,3,0
,,,58,438,0,24,0,1,1,0
,,,59,410,0,33,0,0,0,0
,,,60,412,0,11,0,2,2,0
,,,61,424,0,11,0,0,0,0
,,,62,403,0,72,0,1,0,0
,,,63,447,0,49,0,1,1,0
,,,64,454,1,30,0,0,0,0
,,,65,429,1,35,0,2,1,0
,,,66,447,4,78,0,2,2,0
,,,67,428,0,31,0,0,0,0
,,,68,468,1,80,0,1,1,0
,,,69,1003,0,118,0,3,2,0
2025-11-04,5z2Qjr,今日の気分で香りを選ぶ  「クナイプ」至福のバスタイム　  (マツキヨココカラLIVE）,1,147,0,0,0,0,0,0
,,,2,184,0,2,0,0,0,0
,,,3,207,0,0,0,0,0,0
,,,4,209,1,24,0,0,0,0
,,,5,209,3,18,0,0,0,0
,,,6,247,0,10,0,0,0,0
,,,7,251,4,30,0,3,3,0
,,,8,247,0,3,0,0,0,0
,,,9,255,0,8,0,2,2,0
,,,10,290,0,3,0,3,3,0
,,,11,288,1,118,0,1,1,0
,,,12,302,3,106,0,1,1,0
,,,13,280,0,131,0,1,1,0
,,,14,320,0,43,0,1,1,0
,,,15,334,3,32,0,1,1,0
,,,16,318,2,0,0,0,0,0
,,,17,313,4,2,0,1,1,0
,,,18,305,0,12,0,2,2,0
,,,19,308,1,7,0,0,0,0
,,,20,333,0,168,0,1,1,0
,,,21,316,1,48,0,0,0,0
,,,22,323,2,35,0,0,0,0
,,,23,349,4,11,0,1,1,0
,,,24,342,0,5,0,0,0,0
,,,25,339,0,19,0,3,3,0
,,,26,328,4,6,0,4,3,0
,,,27,353,0,8,0,1,1,0
,,,28,355,0,1,0,2,1,0
,,,29,338,1,0,0,0,0,0
,,,30,332,1,0,0,0,0,0
,,,31,317,2,2,0,1,0,0
,,,32,347,3,1,0,0,0,0
,,,33,337,0,5,0,0,0,0
,,,34,348,0,53,0,0,0,0
,,,35,347,2,3,0,0,0,0
,,,36,359,5,25,0,2,2,0
,,,37,378,1,0,0,5,5,0
,,,38,378,0,1,0,1,1,0
,,,39,376,0,8,0,0,0,0
,,,40,387,3,2,0,0,0,0
,,,41,382,0,51,0,0,0,0
,,,42,393,4,0,0,2,2,0
,,,43,386,0,0,0,0,0,0
,,,44,407,1,13,0,0,0,0
,,,45,414,0,37,0,0,0,0
,,,46,396,4,8,0,0,0,0
,,,47,400,0,20,0,0,0,0
,,,48,393,0,15,0,2,1,0
,,,49,384,4,4,0,1,1,0
,,,50,423,0,0,0,1,1,0
,,,51,428,3,5,0,1,1,0
,,,52,440,2,8,0,1,1,0
,,,53,433,1,11,0,0,0,0
,,,54,432,1,0,0,0,0,0
,,,55,436,1,0,0,0,0,0
,,,56,425,0,1,0,1,1,0
,,,57,451,1,34,0,0,0,0
,,,58,446,0,2,0,1,1,0
,,,59,440,2,84,0,3,3,0
,,,60,435,0,23,0,1,1,0
,,,61,448,1,0,0,0,0,0
,,,62,437,1,5,0,1,1,0
,,,63,438,1,37,0,0,0,0
,,,64,438,6,1,0,0,0,0
,,,65,423,2,6,0,1,1,0
,,,66,423,3,1,0,0,0,0
,,,67,415,1,28,0,2,2,0
,,,68,914,3,13,0,0,0,0
2025-10-28,oyOwLb,透明感発色×うるおい感が長時間持続    KATEのリップモンスターから  落ちにくいリキッドタイプ「クリスタルポッド」降臨  (マツキヨココカラLIVE）,1,148,1,4,0,0,0,0
,,,2,180,1,2,0,0,0,0
,,,3,200,1,3,0,1,0,0
,,,4,185,0,0,0,1,0,0
,,,5,212,3,9,0,2,0,0
,,,6,222,1,34,0,1,0,0
,,,7,257,1,8,0,1,0,0
,,,8,251,3,1,0,0,0,0
,,,9,283,3,0,0,0,0,0
,,,10,290,1,0,0,0,0,0
,,,11,293,2,10,0,5,5,0
,,,12,291,1,6,0,4,4,0
,,,13,311,0,1,0,2,2,0
,,,14,311,9,0,0,0,0,0
,,,15,319,1,0,0,0,0,0
,,,16,324,1,4,0,0,0,0
,,,17,346,0,13,0,1,1,0
,,,18,338,0,2,0,3,2,0
,,,19,342,1,2,0,11,10,0
,,,20,347,0,3,0,4,4,0
,,,21,354,2,2,0,3,3,0
,,,22,355,0,3,0,3,3,0
,,,23,357,1,3,0,2,2,0
,,,24,358,7,11,0,4,4,0
,,,25,377,3,0,0,1,1,0
,,,26,358,4,0,0,2,2,0
,,,27,355,7,1,0,2,2,0
,,,28,342,4,2,0,1,1,0
,,,29,340,0,127,0,1,0,0
,,,30,364,2,6,0,5,5,0
,,,31,339,3,1,0,1,1,0
,,,32,367,1,0,0,0,0,0
,,,33,364,1,0,0,2,2,0
,,,34,362,4,1,0,2,2,0
,,,35,380,2,1,0,6,5,0
,,,36,384,3,42,0,2,2,0
,,,37,362,5,29,0,2,2,0
,,,38,358,0,35,0,2,2,0
,,,39,381,3,6,0,2,1,0
,,,40,386,0,9,0,1,1,0
,,,41,379,0,5,0,1,1,0
,,,42,383,3,9,0,4,4,0
,,,43,375,1,79,0,1,1,0
,,,44,374,4,6,0,4,4,0
,,,45,390,1,19,0,1,1,0
,,,46,392,2,9,0,6,2,0
,,,47,385,1,1,0,2,1,0
,,,48,381,1,111,0,1,1,0
,,,49,395,1,4,0,2,1,0
,,,50,385,0,0,0,3,3,0
,,,51,384,0,4,0,0,0,0
,,,52,382,0,10,0,1,1,0
,,,53,371,1,0,0,2,2,0
,,,54,396,0,2,0,3,3,0
,,,55,398,4,0,0,1,0,0
,,,56,410,1,9,0,0,0,0
,,,57,404,8,51,0,5,3,0
,,,58,395,0,28,0,1,0,0
,,,59,398,1,25,0,5,5,0
,,,60,388,0,2,0,5,4,0
,,,61,397,2,0,0,6,6,0
,,,62,402,3,0,0,0,0,0
,,,63,400,2,0,0,0,0,0
,,,64,396,0,0,0,3,3,0
,,,65,386,1,3,0,5,4,0
,,,66,426,0,1,0,4,3,0
,,,67,437,2,62,0,1,1,0
,,,68,432,3,12,0,3,2,0
,,,69,432,2,0,0,3,3,0
,,,70,414,0,0,0,2,2,0
,,,71,409,1,0,0,1,0,0
,,,72,421,1,18,0,8,8,0
,,,73,416,0,0,0,3,2,0
,,,74,422,0,29,0,0,0,0
,,,75,436,1,6,0,0,0,0
,,,76,442,0,0,0,1,1,0
,,,77,447,2,4,0,2,2,0
,,,78,423,0,19,0,0,0,0
,,,79,426,0,21,0,0,0,0
,,,80,419,2,12,0,2,0,0
,,,81,434,2,1,0,2,2,0
,,,82,442,9,55,0,14,14,0
,,,83,427,1,3,0,5,3,0
,,,84,961,2,12,0,6,5,0
,,,,124420,588,4052,0,796,668,0
2025-10-21,o3qQb8,前髪に悩む人必見!　本望あやかさん直伝「プロスタイル」で理想の推し髪へ！（マツキヨココカラLIVE）,1,194,2,9,0,0,0,0
,,,2,221,13,34,0,0,0,0
,,,3,245,16,55,0,1,0,0
,,,4,270,9,8,0,0,0,0
,,,5,260,1,20,0,0,0,0
,,,6,255,3,139,0,0,0,0
,,,7,264,4,42,0,1,0,0
,,,8,273,24,44,0,2,0,0
,,,9,309,21,7,0,0,0,0
,,,10,294,6,16,0,0,0,0
,,,11,314,2,110,0,0,0,0
,,,12,311,3,145,0,0,0,0
,,,13,315,6,22,0,0,0,0
,,,14,333,8,93,0,0,0,0
,,,15,341,13,189,0,0,0,0
,,,16,352,7,67,0,1,1,0
,,,17,349,4,64,0,12,12,0
,,,18,365,2,270,0,1,1,0
,,,19,354,2,54,0,2,2,0
,,,20,351,11,48,0,0,0,0
,,,21,364,6,10,0,1,1,0
,,,22,401,16,47,0,1,1,0
,,,23,390,13,56,0,0,0,0
,,,24,373,20,48,0,1,1,0
,,,25,373,6,0,0,2,2,0
,,,26,380,11,0,0,0,0,0
,,,27,371,5,0,0,2,2,0
,,,28,390,12,29,0,2,2,0
,,,29,379,12,122,0,1,1,0
,,,30,384,11,89,0,1,1,0
,,,31,394,12,18,0,1,1,0
,,,32,379,11,87,0,3,3,0
,,,33,377,11,2,0,1,1,0
,,,34,376,13,65,0,4,4,0
,,,35,382,13,18,0,1,1,0
,,,36,389,4,15,0,1,1,0
,,,37,373,7,10,0,2,2,0
,,,38,399,8,0,0,0,0,0
,,,39,398,3,33,0,1,1,0
,,,40,384,6,0,0,1,1,0
,,,41,386,10,2,0,4,4,0
,,,42,395,9,8,0,3,3,0
,,,43,405,10,18,0,0,0,0
,,,44,400,8,21,0,0,0,0
,,,45,414,16,10,0,1,0,0
,,,46,408,5,70,0,0,0,0
,,,47,425,8,379,0,0,0,1
,,,48,416,4,141,0,2,1,0
,,,49,411,9,27,0,1,1,0
,,,50,451,7,21,0,1,1,0
,,,51,430,2,5,0,0,0,0
,,,52,437,3,0,0,1,0,0
,,,53,431,4,18,0,3,3,0
,,,54,423,2,29,0,0,0,0
,,,55,431,7,71,0,1,0,0
,,,56,426,4,74,0,1,1,0
,,,57,433,8,2,0,2,2,0
,,,58,453,9,0,0,3,3,0
,,,59,444,9,98,0,3,3,0
,,,60,433,9,25,0,3,3,0
,,,61,445,6,14,0,1,1,0
,,,62,421,26,25,0,3,3,0
,,,63,442,8,83,0,7,6,0
,,,64,449,5,251,0,7,7,0
,,,65,451,13,215,0,1,1,0
,,,66,438,16,243,0,1,1,0
,,,67,1143,12,252,0,1,1,0
,,,,77601,1758,12561,0,288,261,3
2025-10-14,5bX8pK,【おうち美容】頑張りすぎない！  ゆるっと続けられるセルフケアアイテム特集（マツキヨココカラLIVE）,1,239,0,8,0,0,0,0
,,,2,254,1,22,0,0,0,0
,,,3,257,1,35,0,1,0,0
,,,4,285,0,8,0,0,0,0
,,,5,291,4,23,0,0,0,0
,,,6,296,1,144,0,0,0,0
,,,7,311,7,287,0,1,0,0
,,,8,326,9,321,0,0,0,0
,,,9,331,5,110,0,0,0,0
,,,10,352,4,144,0,0,0,0
,,,11,361,0,106,0,0,0,0
,,,12,353,0,53,0,0,0,0
,,,13,363,2,169,0,0,0,0
,,,14,353,2,5,0,0,0,0
,,,15,353,2,184,0,0,0,0
,,,16,383,3,414,0,0,0,0
,,,17,377,2,359,0,3,2,0
,,,18,403,2,432,0,1,0,0
,,,19,373,1,348,0,2,2,0
,,,20,374,2,368,0,4,2,0
,,,21,387,2,449,0,2,2,0
,,,22,376,1,438,0,4,4,0
,,,23,375,6,475,0,1,0,0
,,,24,404,7,428,0,2,2,0
,,,25,400,3,372,0,2,2,0
,,,26,429,3,564,0,3,2,0
,,,27,388,9,306,0,0,0,0
,,,28,385,10,625,0,0,0,0
,,,29,413,7,476,0,0,0,0
,,,30,435,8,289,0,3,0,0
,,,31,435,4,239,0,0,0,0
,,,32,435,7,185,0,0,0,0
,,,33,434,5,523,0,0,0,0
,,,34,435,2,627,0,6,4,0
,,,35,437,1,471,0,3,2,0
,,,36,438,5,196,0,1,1,0
,,,37,443,0,168,0,2,2,0
,,,38,435,7,187,0,1,1,0
,,,39,443,0,368,0,0,0,0
,,,40,457,4,405,0,0,0,0
,,,41,472,3,480,0,0,0,0
,,,42,441,5,210,0,0,0,0
,,,43,425,8,388,0,0,0,0
,,,44,455,5,300,0,0,0,0
,,,45,448,25,433,0,1,0,0
,,,46,471,9,326,0,1,1,0
,,,47,459,20,301,0,3,2,0
,,,48,451,10,360,0,0,0,0
,,,49,453,7,499,0,2,0,0
,,,50,447,3,384,0,0,0,0
,,,51,459,18,330,0,4,3,0
,,,52,468,17,245,0,2,1,0
,,,53,480,8,362,0,1,1,0
,,,54,490,14,405,0,0,0,0
,,,55,477,18,374,0,2,1,0
,,,56,468,8,480,0,1,1,0
,,,57,462,5,353,0,3,2,0
,,,58,477,20,285,0,3,1,0
,,,59,466,13,225,0,1,0,0
,,,60,441,9,115,0,0,0,0
,,,61,442,19,262,0,0,0,0
,,,62,439,8,459,0,1,1,0
,,,63,440,18,272,0,0,0,0
,,,64,444,30,449,0,1,1,0
,,,65,895,5,570,0,1,0,0
,,,,80667,1332,60594,0,207,129,0
2025-10-07,5mqQ7r,【ディアボーテからついに誕生！】  シリーズ最高峰の「Bloom  d'Or」で芯から美しい髪へ！（マツキヨココカラLIVE）,1,131,0,0,0,0,0,0
,,,2,171,0,33,0,1,0,0
,,,3,190,1,80,0,0,0,0
,,,4,188,1,20,0,0,0,0
,,,5,197,2,146,0,0,0,0
,,,6,216,1,44,0,0,0,0
,,,7,232,1,19,0,0,0,0
,,,8,212,0,16,0,0,0,0
,,,9,220,0,4,0,0,0,0
,,,10,237,1,2,0,0,0,0
,,,11,235,2,68,0,0,0,0
,,,12,265,3,2,0,0,0,0
,,,13,274,3,36,0,2,2,0
,,,14,268,0,46,0,6,6,0
,,,15,292,1,68,0,0,0,0
,,,16,291,0,34,0,0,0,0
,,,17,290,0,254,0,7,7,0
,,,18,285,0,36,0,0,0,0
,,,19,302,1,14,0,4,2,0
,,,20,315,1,0,0,2,2,0
,,,21,319,1,19,0,0,0,0
,,,22,306,3,2,0,0,0,0
,,,23,303,3,32,0,1,0,0
,,,24,324,1,21,0,2,2,0
,,,25,336,4,13,0,2,2,0
,,,26,321,4,22,0,2,2,0
,,,27,308,2,16,0,0,0,0
,,,28,315,1,40,0,2,2,0
,,,29,303,1,43,0,1,1,0
,,,30,328,2,35,0,4,4,0
,,,31,336,0,56,0,0,0,0
,,,32,326,4,30,0,1,1,0
,,,33,330,3,49,0,4,3,0
,,,34,340,3,30,0,1,1,0
,,,35,345,1,6,0,3,3,0
,,,36,351,5,20,0,1,1,0
,,,37,335,1,16,0,0,0,0
,,,38,326,3,160,0,1,1,0
,,,39,358,0,137,0,1,1,0
,,,40,358,1,4,0,1,0,0
,,,41,350,4,0,0,1,1,0
,,,42,367,3,19,0,2,2,0
,,,43,340,1,39,0,1,1,0
,,,44,357,0,38,0,1,1,0
,,,45,352,1,34,0,0,0,0
,,,46,350,2,35,0,2,2,0
,,,47,343,1,6,0,2,2,0
,,,48,339,1,25,0,0,0,0
,,,49,346,2,15,0,0,0,0
,,,50,328,1,3,0,0,0,0
,,,51,326,1,3,0,0,0,0
,,,52,355,1,16,0,1,1,0
,,,53,372,0,25,0,2,0,0
,,,54,373,2,0,0,1,1,0
,,,55,366,1,2,0,0,0,0
,,,56,378,0,3,0,2,2,0
,,,57,362,1,9,0,2,2,0
,,,58,366,3,0,0,0,0,0
,,,59,348,0,6,0,2,2,0
,,,60,366,0,0,0,3,3,0
,,,61,371,0,2,0,0,0,0
,,,62,364,4,2,0,1,0,0
,,,63,359,1,85,0,1,1,0
,,,64,343,1,9,0,0,0,0
,,,65,359,0,0,0,2,1,0
,,,66,357,2,1,0,2,2,0
,,,67,354,1,0,0,0,0,0
,,,68,362,1,3,0,2,2,0
,,,69,382,1,10,0,3,3,0
,,,70,349,0,50,0,2,2,0
,,,71,332,0,3,0,0,0,0
,,,72,318,0,23,0,1,1,0
,,,73,326,0,9,0,2,2,0
,,,74,327,2,1,0,0,0,0
,,,75,336,5,42,0,1,1,0
,,,76,361,0,15,0,4,4,0
,,,77,354,2,3,0,2,2,0
,,,78,370,1,9,0,1,1,0
,,,79,1485,1,7,0,2,2,0
,,,,78816,324,6675,0,291,261,0
2025-09-30,oeq7mQ,【あなたの“似合う艶”が見つかる】  ザ・プロダクトからプリズムミラーオイル誕生  パーソナルカラーで選ぶ艶ラメを。  (マツキヨココカラLIVE）,1,158,0,0,0,0,0,0
,,,2,166,3,79,0,0,0,0
,,,3,189,1,13,0,0,0,0
,,,4,201,3,15,0,0,0,0
,,,5,235,3,2,0,0,0,0
,,,6,222,6,14,0,0,0,0
,,,7,208,1,13,0,0,0,0
,,,8,214,0,21,0,0,0,0
,,,9,251,0,7,0,3,3,0
,,,10,264,1,0,0,0,0,0
,,,11,268,1,7,0,2,2,0
,,,12,258,1,4,0,0,0,0
,,,13,263,0,3,0,1,0,0
,,,14,260,1,1,0,0,0,0
,,,15,266,2,48,0,1,1,0
,,,16,262,0,15,0,2,2,0
,,,17,285,1,4,0,1,1,0
,,,18,287,2,6,0,1,1,0
,,,19,294,4,164,0,1,0,0
,,,20,281,5,164,0,4,4,0
,,,21,307,3,209,0,1,1,0
,,,22,316,6,20,0,3,3,0
,,,23,330,4,28,0,7,7,0
,,,24,353,2,238,0,3,2,0
,,,25,316,0,88,0,0,0,0
,,,26,323,4,10,0,1,1,0
,,,27,312,2,1,0,0,0,0
,,,28,320,3,182,0,4,4,0
,,,29,343,0,280,0,3,3,0
,,,30,346,1,12,0,4,4,0
,,,31,331,6,18,0,2,2,0
,,,32,334,3,3,0,2,2,0
,,,33,335,3,0,0,0,0,0
,,,34,323,2,11,0,1,1,0
,,,35,325,3,3,0,2,2,0
,,,36,334,3,47,0,2,2,0
,,,37,319,4,77,0,0,0,0
,,,38,352,6,5,0,1,1,0
,,,39,334,3,89,0,0,0,0
,,,40,314,3,8,0,6,6,0
,,,41,342,0,143,0,6,5,0
,,,42,354,3,44,0,4,4,0
,,,43,317,4,239,0,4,4,0
,,,44,324,4,79,0,0,0,0
,,,45,352,0,0,0,0,0,0
,,,46,337,1,1,0,1,1,0
,,,47,362,2,32,0,3,3,0
,,,48,348,2,21,0,1,1,0
,,,49,346,3,1,0,2,2,0
,,,50,357,1,69,0,2,1,0
,,,51,371,3,78,0,0,0,0
,,,52,377,2,142,0,1,0,0
,,,53,341,1,29,0,0,0,0
,,,54,346,7,62,0,1,0,0
,,,55,367,2,26,0,4,4,0
,,,56,390,1,2,0,6,6,0
,,,57,382,1,104,0,0,0,0
,,,58,350,1,3,0,0,0,0
,,,59,371,2,1,0,0,0,0
,,,60,387,2,1,0,0,0,0
,,,61,347,1,2,0,0,0,0
,,,62,350,1,104,0,1,1,0
,,,63,340,1,1,0,2,2,0
,,,64,358,0,99,0,3,3,0
,,,65,387,0,70,0,0,0,0
,,,66,378,1,23,0,0,0,0
,,,67,350,3,38,0,4,4,0
,,,68,377,7,32,0,4,4,0
,,,69,375,1,23,0,5,5,0
,,,70,386,1,4,0,1,1,0
,,,71,342,1,10,0,1,1,0
,,,72,1117,3,48,0,1,1,0
,,,,70881,474,10320,0,345,324,0
2025-09-16,5mqdOq,【正直レビュー】新作プライベートブランドコスメを  いち早くチェック  (マツキヨココカラLIVE）,1,150,3,77,0,0,0,0
,,,2,180,1,96,0,0,0,0
,,,3,225,1,0,0,0,0,0
,,,4,217,2,125,0,0,0,0
,,,5,263,3,140,0,0,0,0
,,,6,265,0,114,0,0,0,0
,,,7,243,1,26,0,1,0,0
,,,8,251,0,30,0,0,0,0
,,,9,253,0,0,0,1,0,0
,,,10,236,3,26,0,1,0,0
,,,11,249,0,1,0,1,1,0
,,,12,254,1,64,0,1,1,0
,,,13,302,0,15,0,4,4,0
,,,14,274,3,95,0,0,0,0
,,,15,256,2,20,0,0,0,0
,,,16,270,0,30,0,2,2,0
,,,17,297,4,42,0,3,3,0
,,,18,285,3,13,0,2,2,0
,,,19,270,1,17,0,0,0,0
,,,20,286,0,7,0,1,1,0
,,,21,286,2,17,0,0,0,0
,,,22,312,3,23,0,2,2,0
,,,23,332,6,7,0,1,1,0
,,,24,319,5,73,0,3,3,0
,,,25,327,1,108,0,6,5,0
,,,26,313,2,38,0,3,3,0
,,,27,316,1,47,0,0,0,0
,,,28,312,2,118,0,2,2,0
,,,29,321,0,107,0,1,1,0
,,,30,347,3,43,0,1,1,0
,,,31,339,1,66,0,0,0,0
,,,32,339,1,73,0,5,4,0
,,,33,334,2,93,0,2,2,0
,,,34,322,3,120,0,1,1,0
,,,35,329,1,26,0,0,0,0
,,,36,314,0,95,0,3,3,0
,,,37,328,2,19,0,2,2,0
,,,38,325,1,4,0,0,0,0
,,,39,337,2,159,0,0,0,0
,,,40,315,3,132,0,0,0,0
,,,41,299,0,155,0,0,0,0
,,,42,304,2,0,0,0,0,0
,,,43,336,2,165,0,0,0,0
,,,44,353,2,45,0,2,2,0
,,,45,351,1,183,0,0,0,0
,,,46,350,3,171,0,2,2,0
,,,47,337,0,315,0,1,1,0
,,,48,365,2,287,0,2,1,0
,,,49,356,5,297,0,2,2,0
,,,50,338,3,197,0,3,1,0
,,,51,349,2,341,0,1,1,0
,,,52,363,0,56,0,6,6,0
,,,53,349,3,48,0,0,0,0
,,,54,348,2,274,0,1,1,0
,,,55,354,1,203,0,2,2,0
,,,56,352,3,151,0,1,1,0
,,,57,364,0,307,0,2,2,0
,,,58,361,0,164,0,2,2,0
,,,59,370,1,197,0,3,3,0
,,,60,362,0,154,0,1,1,0
,,,61,375,0,2,0,0,0,0
,,,62,351,1,88,0,2,2,0
,,,63,377,0,117,0,4,4,0
,,,64,387,1,4,0,2,2,0
,,,65,358,0,8,0,4,4,0
,,,66,355,0,2,0,1,1,0
,,,67,374,0,36,0,2,2,0
,,,68,357,0,36,0,1,1,0
,,,69,361,3,100,0,0,0,0
,,,70,365,1,182,0,0,0,0
,,,71,357,0,53,0,0,0,0
,,,72,345,0,8,0,0,0,0
,,,73,359,0,155,0,4,3,0
,,,74,341,3,83,0,1,1,0
,,,75,1079,2,248,0,3,1,0
,,,,73785,336,21414,0,312,279,0
,gYqGE2,1_ライブ配信出演者レクチャー用,1,1,0,0,0,0,0,0
,,,2,3,0,6,0,0,0,0
,,,3,3,2,0,0,0,0,0
,,,4,3,1,0,0,0,0,0
,,,5,2,0,2,0,0,0,0
,,,6,4,2,57,0,0,0,0
,,,7,4,0,80,0,2,2,0
,,,8,4,0,0,0,0,0,0
,,,9,4,0,0,0,0,0,0
,,,10,4,0,0,0,0,0,0
,,,11,4,0,0,0,0,0,0
,,,12,4,0,0,0,0,0,0
,,,13,4,0,0,0,0,0,0
,,,14,5,0,0,0,0,0,0
,oPbGlR,3_ライブ配信出演者レクチャー用,1,1,0,0,0,0,0,0
,,,6,2,0,0,0,0,0,0
,,,7,2,0,0,0,0,0,0
,,,8,2,0,0,0,0,0,0
,,,9,2,0,0,0,0,0,0
,,,10,2,0,0,0,0,0,0
,,,11,2,0,0,0,0,0,0
,,,12,2,0,0,0,0,0,0
,,,13,3,0,0,0,0,0,0
,,,14,3,0,0,0,0,0,0
,,,15,4,0,0,0,0,0,0
,,,16,5,0,0,0,0,0,0
,,,17,4,0,2,0,0,0,0
,,,18,5,0,7,0,0,0,0
,,,19,5,0,1,0,0,0,0
,,,20,5,0,5,0,0,0,0
,,,21,5,0,0,0,0,0,0
,,,22,5,0,0,0,0,0,0
,,,23,5,0,2,0,0,0,0
,,,24,5,1,45,0,0,0,0
,,,25,5,4,6,0,0,0,0
,,,26,6,3,13,0,0,0,0
,,,27,6,0,0,0,0,0,0
,,,28,6,4,0,0,0,0,0
,,,29,6,2,0,0,0,0,0
,,,30,6,2,3,0,0,0,0
,,,31,7,0,0,0,0,0,0
,,,32,7,1,28,0,0,0,0
,,,33,7,1,0,0,0,0,0
,,,34,7,0,0,0,0,0,0
,,,35,7,1,13,0,0,0,0
,,,36,7,2,2,0,0,0,0
,,,37,7,3,3,0,0,0,0
,,,38,7,0,6,0,0,0,0
,,,39,7,0,0,0,0,0,0
,,,40,7,1,5,0,0,0,0
,,,41,8,2,0,0,0,0,0
,,,42,8,0,0,0,1,0,0
,,,43,8,0,0,0,0,0,0
,,,44,8,0,0,0,0,0,0
,,,45,8,3,0,0,0,0,0
,,,46,8,7,47,0,2,0,0
,,,47,8,3,8,0,1,0,0
,,,48,8,2,4,0,0,0,0
,,,49,8,1,0,0,0,0,0
,,,50,8,4,0,0,0,0,0
,,,51,8,4,0,0,0,0,0
,,,52,8,1,0,0,1,1,0
,,,53,8,0,0,0,0,0,0
,,,54,8,1,6,0,0,0,0
,,,55,8,5,25,0,0,0,0
,,,56,8,2,0,0,0,0,0
,,,57,8,1,0,0,0,0,0
,,,58,8,0,3,0,0,0,0
,,,59,8,2,0,0,0,0,0
,,,60,8,2,16,0,0,0,0
,,,61,8,0,0,0,0,0,0
,,,62,8,4,0,0,0,0,0
,,,63,8,2,0,0,0,0,0
,,,64,8,0,0,0,0,0,0
,,,65,8,0,0,0,0,0,0
,,,66,8,0,0,0,0,0,0
,,,67,8,1,0,0,0,0,0
,,,68,8,0,3,0,0,0,0
,,,69,8,0,0,0,0,0,0
,,,70,7,0,6,0,0,0,0
,,,71,7,0,0,0,0,0,0
,,,72,7,1,0,0,0,0,0
,,,73,7,2,5,0,0,0,0
,,,74,8,1,3,0,0,0,0
,,,75,8,1,0,0,0,0,0
,,,76,8,2,0,0,0,0,0
,,,77,8,1,0,0,0,0,0
,,,78,8,0,0,0,0,0,0
,,,79,8,0,0,0,0,0,0
,,,80,8,0,0,0,0,0,0
,,,81,8,0,0,0,0,0,0
,,,82,8,0,0,0,0,0,0
,,,83,8,0,14,0,0,0,0
,,,84,7,3,0,0,0,0,0
,,,85,7,0,0,0,0,0,0
,,,86,7,3,0,0,0,0,0
,,,87,7,0,0,0,0,0,0
,,,88,7,0,6,0,0,0,0
,,,89,7,4,2,0,0,0,0
,,,90,7,0,0,0,0,0,0
,,,91,7,0,2,0,0,0,0
,,,92,6,0,0,0,0,0,0
,,,93,6,2,0,0,0,0,0
,,,94,6,2,0,0,0,0,0
,,,95,6,0,0,0,0,0,0
,,,96,6,1,0,0,0,0,0
,,,97,6,1,0,0,0,0,0
,,,98,6,0,0,0,0,0,0
,,,99,6,0,0,0,0,0,0
,,,100,6,1,5,0,0,0,0
,,,101,6,5,0,0,0,0,0
,,,102,6,0,40,0,0,0,0
,,,103,6,0,0,0,0,0,0
,,,104,6,0,7,0,0,0,0
,,,105,5,0,0,0,0,0,0
,,,106,5,0,0,0,0,0,0
,,,107,5,1,0,0,0,0,0
,,,108,5,0,0,0,0,0,0
,,,109,5,2,7,0,1,0,0
,,,110,5,2,6,0,0,0,0
,,,111,5,0,8,0,0,0,0
,vJDGwN,2_ライブ配信出演者レクチャー用,1,1,0,0,0,0,0,0
,,,2,5,1,0,0,0,0,0
,,,3,6,3,0,0,0,0,0
,,,4,5,0,0,0,0,0,0
,,,5,5,0,0,0,0,0,0
,,,6,5,0,0,0,0,0,0
,,,7,5,0,0,0,0,0,0
,,,8,5,0,0,0,0,0,0
,,,9,5,4,0,0,0,0,0
,,,10,5,3,5,0,0,0,0
,,,11,5,7,0,0,0,0,0
,,,12,5,1,12,0,0,0,0
,,,13,5,0,0,0,0,0,0
,,,14,5,0,0,0,0,0,0
,,,15,6,0,0,0,0,0,0
,,,16,5,5,5,0,0,0,0
,,,17,5,1,3,0,0,0,0
,,,18,5,6,66,0,0,0,0
,,,19,5,3,47,0,0,0,0
,,,20,5,0,0,0,0,0,0
,,,21,5,0,0,0,0,0,0
,,,22,5,0,0,0,0,0,0
,,,23,5,0,5,0,0,0,0
,,,24,5,0,0,0,0,0,0
,,,25,6,3,0,0,0,0,0
,,,26,6,1,0,0,0,0,0
,,,27,5,4,0,0,0,0,0
,,,28,5,0,0,0,0,0,0
,,,29,5,0,0,0,0,0,0
,,,30,5,0,0,0,0,0,0
,,,31,7,0,16,0,0,0,0
,,,32,6,0,72,0,0,0,0
,,,33,6,5,39,0,0,0,0
,,,34,6,0,25,0,0,0,0
,,,35,6,4,6,0,0,0,0
,,,36,6,0,0,0,0,0,0
,,,37,6,0,0,0,0,0,0
,,,38,6,6,0,0,0,0,0
,,,39,6,0,3,0,0,0,0
,,,40,6,0,0,0,0,0,0
,,,41,6,0,0,0,0,0,0
,,,42,6,0,0,0,0,0,0
,,,43,6,0,0,0,0,0,0
,,,44,5,0,0,0,0,0,0
,,,45,5,0,0,0,0,0,0
,,,46,5,0,0,0,0,0,0
,,,47,5,0,0,0,0,0,0
,,,48,5,0,0,0,0,0,0
,,,49,5,0,0,0,0,0,0
,,,50,5,0,0,0,0,0,0
,,,51,5,0,0,0,0,0,0
,,,52,5,0,0,0,0,0,0
,,,53,5,0,0,0,0,0,0
,,,54,5,0,0,0,0,0,0
,,,55,5,0,0,0,0,0,0
,,,56,5,0,0,0,0,0,0
,,,57,5,0,0,0,0,0,0
,,,58,5,0,0,0,0,0,0
,,,59,5,2,0,0,0,0,0
,,,60,5,0,0,0,0,0,0
,,,61,5,0,55,0,0,0,0
,,,62,5,2,28,0,0,0,0
,,,63,5,0,0,0,0,0,0
,,,64,5,3,24,0,0,0,0
,,,65,5,2,50,0,1,1,0
,,,66,5,3,0,0,0,0,0
,,,67,5,1,0,0,0,0,0
,,,68,5,1,0,0,0,0,0
,,,69,4,1,83,0,0,0,0
,,,70,4,0,0,0,0,0,0
,,,71,4,0,0,0,0,0,0
,,,72,4,0,0,0,0,0,0
,,,73,4,0,0,0,0,0,0
,,,74,4,0,0,0,0,0,0
,,,75,4,0,0,0,0,0,0
,,,76,4,1,0,0,0,0,0
,,,77,4,4,0,0,0,0,0
,,,78,4,9,0,0,0,0,0
,,,79,4,2,0,0,0,0,0
,,,80,4,9,0,0,0,0,0
,,,81,4,6,8,0,0,0,0
,,,82,4,4,0,0,0,0,0
,,,83,4,7,0,0,0,0,0
,,,84,4,0,0,0,0,0,0
,,,85,4,0,0,0,0,0,0
,,,86,4,0,0,0,0,0,0
,,,87,4,0,0,0,0,0,0
,,,88,4,0,0,0,0,0,0
,,,89,4,0,0,0,0,0,0
,,,90,8,0,0,0,0,0,0
2025-09-09,vJDle3,最近なんだか疲れてる？この時期おすすめ休息グッズを紹介！（マツキヨココカラLIVE）5/20回の再放送,1,104,0,0,0,0,0,0
,,,2,129,0,0,0,0,0,0
,,,3,139,0,0,0,0,0,0
,,,4,144,0,0,0,0,0,0
,,,5,139,0,0,0,0,0,0
,,,6,134,0,0,0,0,0,0
,,,7,120,0,0,0,0,0,0
,,,8,110,0,0,0,0,0,0
,,,9,115,0,0,0,0,0,0
,,,10,91,0,0,0,0,0,0
,,,11,101,0,0,0,0,0,0
,,,12,108,0,0,0,0,0,0
,,,13,132,0,0,0,0,0,0
,,,14,114,0,34,0,0,0,0
,,,15,129,0,30,0,0,0,0
,,,16,136,0,67,0,0,0,0
,,,17,138,0,0,0,0,0,0
,,,18,145,0,1,0,0,0,0
,,,19,127,0,0,0,0,0,0
,,,20,106,0,0,0,0,0,0
,,,21,108,0,0,0,0,0,0
,,,22,115,0,0,0,0,0,0
,,,23,112,0,0,0,6,6,0
,,,24,95,0,0,0,0,0,0
,,,25,130,0,0,0,1,1,0
,,,26,114,0,0,0,0,0,0
,,,27,126,0,0,0,0,0,0
,,,28,116,0,0,0,0,0,0
,,,29,108,0,0,0,0,0,0
,,,30,106,0,0,0,0,0,0
,,,31,115,0,0,0,0,0,0
,,,32,116,0,0,0,0,0,0
,,,33,117,0,0,0,0,0,0
,,,34,106,0,0,0,0,0,0
,,,35,94,0,0,0,0,0,0
,,,36,99,0,0,0,0,0,0
,,,37,111,0,0,0,0,0,0
,,,38,110,0,0,0,0,0,0
,,,39,120,0,0,0,0,0,0
,,,40,105,0,0,0,0,0,0
,,,41,103,0,0,0,0,0,0
,,,42,109,0,0,0,0,0,0
,,,43,101,0,0,0,0,0,0
,,,44,113,0,0,0,1,1,0
,,,45,106,0,0,0,0,0,0
,,,46,97,0,0,0,0,0,0
,,,47,100,0,0,0,0,0,0
,,,48,111,0,0,0,0,0,0
,,,49,99,0,0,0,0,0,0
,,,50,133,2,0,0,0,0,0
,,,51,115,0,0,0,1,1,0
,,,52,121,0,0,0,0,0,0
,,,53,104,0,0,0,1,1,0
,,,54,112,0,0,0,1,1,0
,,,55,100,0,0,0,1,1,0
,,,56,99,0,0,0,0,0,0
,,,57,111,0,0,0,0,0,0
,,,58,119,1,0,0,0,0,0
,,,59,116,0,0,0,0,0,0
,,,60,109,0,0,0,1,1,0
,,,61,221,0,0,0,0,0,0
2025-09-02,oPbrbB,驚きの高クオリティ！マツココ店員  「イチオシ」のプライベート商品を一気見せ(マツキヨココカラLIVE）,1,158,0,2,0,0,0,0
,,,2,180,2,79,0,0,0,0
,,,3,190,1,59,0,0,0,0
,,,4,212,9,97,0,1,1,0
,,,5,224,3,51,0,4,4,0
,,,6,208,2,59,0,2,2,0
,,,7,227,3,19,0,0,0,0
,,,8,231,0,22,0,1,0,0
,,,9,240,3,5,0,0,0,0
,,,10,233,4,26,0,1,1,0
,,,11,244,1,3,0,2,0,0
,,,12,225,3,20,0,1,1,0
,,,13,249,3,29,0,3,2,0
,,,14,262,2,69,0,0,0,0
,,,15,264,0,66,0,0,0,0
,,,16,274,1,79,0,0,0,0
,,,17,268,3,41,0,1,1,0
,,,18,279,5,109,0,2,2,0
,,,19,287,0,127,0,1,1,0
,,,20,281,4,37,0,1,1,0
,,,21,273,0,101,0,2,1,0
,,,22,278,2,131,0,1,1,0
,,,23,276,8,92,0,0,0,0
,,,24,276,5,86,0,1,1,0
,,,25,290,4,45,0,3,1,0
,,,26,310,3,49,0,3,3,0
,,,27,298,6,103,0,0,0,0
,,,28,316,2,75,0,4,3,0
,,,29,321,3,64,0,5,5,0
,,,30,327,1,73,0,8,8,0
,,,31,310,2,54,0,1,1,0
,,,32,333,2,99,0,4,2,0
,,,33,321,1,92,0,1,1,0
,,,34,322,10,86,0,1,0,0
,,,35,321,1,118,0,4,4,0
,,,36,307,3,162,0,3,3,0
,,,37,301,2,118,0,0,0,0
,,,38,309,3,119,0,2,2,0
,,,39,317,1,92,0,1,1,0
,,,40,343,0,73,0,2,2,0
,,,41,344,5,125,0,2,1,0
,,,42,335,4,88,0,1,1,0
,,,43,365,2,97,0,2,1,0
,,,44,369,10,81,0,5,5,0
,,,45,360,4,129,0,4,4,0
,,,46,340,3,152,0,4,3,0
,,,47,359,0,39,0,0,0,0
,,,48,371,0,153,0,2,2,0
,,,49,369,0,99,0,6,5,0
,,,50,366,2,104,0,4,3,0
,,,51,368,3,115,0,1,0,0
,,,52,331,0,143,0,5,4,0
,,,53,1363,9,184,0,2,1,0
,,,,49575,450,13020,0,312,255,0
2025-08-26,oWqp2Z,【エイトザタラソが待望のリニューアル】  地肌も髪もうるおう！  新モイストシリーズを紹介  (マツキヨココカラLIVE）,1,141,2,32,0,0,0,0
,,,2,177,1,27,0,0,0,0
,,,3,184,5,25,0,1,1,0
,,,4,188,2,77,0,1,1,0
,,,5,223,3,17,0,2,2,0
,,,6,223,12,25,0,0,0,0
,,,7,232,7,130,0,0,0,0
,,,8,233,9,21,0,1,1,0
,,,9,235,5,11,0,1,1,0
,,,10,259,2,35,0,2,2,0
,,,11,262,2,35,0,0,0,0
,,,12,258,3,11,0,2,2,0
,,,13,247,7,10,0,1,1,0
,,,14,268,3,19,0,0,0,0
,,,15,267,3,31,0,0,0,0
,,,16,273,1,2,0,2,0,0
,,,17,258,2,19,0,3,3,0
,,,18,249,0,49,0,1,1,0
,,,19,292,5,44,0,1,1,0
,,,20,286,8,110,0,1,1,0
,,,21,303,3,13,0,1,1,0
,,,22,294,2,84,0,1,1,0
,,,23,298,6,76,0,0,0,0
,,,24,306,6,109,0,1,1,0
,,,25,304,4,56,0,1,0,0
,,,26,311,1,62,0,1,1,0
,,,27,322,4,300,0,2,2,0
,,,28,332,1,321,0,0,0,0
,,,29,331,6,296,0,1,1,0
,,,30,321,3,239,0,0,0,0
,,,31,344,0,136,0,0,0,0
,,,32,323,7,119,0,7,7,0
,,,33,335,4,91,0,0,0,0
,,,34,341,4,76,0,0,0,0
,,,35,362,5,132,0,0,0,0
,,,36,330,3,161,0,0,0,0
,,,37,348,3,101,0,2,2,0
,,,38,325,2,107,0,3,2,0
,,,39,338,2,6,0,1,1,0
,,,40,335,3,7,0,1,1,0
,,,41,334,1,7,0,3,3,0
,,,42,336,3,20,0,0,0,0
,,,43,357,0,286,0,2,2,0
,,,44,356,5,25,0,3,3,0
,,,45,364,2,6,0,0,0,0
,,,46,354,0,2,0,0,0,0
,,,47,374,3,66,0,0,0,0
,,,48,385,0,139,0,4,4,0
,,,49,360,3,179,0,1,1,0
,,,50,370,5,126,0,1,1,0
,,,51,376,3,34,0,2,2,0
,,,52,394,0,7,0,0,0,0
,,,53,396,3,49,0,1,1,0
,,,54,388,5,99,0,3,3,0
,,,55,409,6,7,0,2,2,0
,,,56,413,2,95,0,3,3,0
,,,57,413,2,102,0,1,1,0
,,,58,411,2,116,0,3,3,0
,,,59,403,1,148,0,0,0,0
,,,60,395,0,246,0,0,0,0
,,,61,384,0,0,0,0,0,0
,,,62,401,7,134,0,2,2,0
,,,63,406,2,72,0,4,3,0
,,,64,387,5,72,0,1,1,0
,,,65,387,2,156,0,1,1,0
,,,66,391,1,56,0,2,2,0
,,,67,395,2,61,0,3,3,0
,,,68,399,4,23,0,2,2,0
,,,69,426,1,49,0,0,0,0
,,,70,404,1,75,0,2,2,0
,,,71,395,3,106,0,2,2,0
,,,72,403,1,62,0,1,1,0
,,,73,391,8,10,0,4,4,0
,,,74,406,1,37,0,2,2,0
,,,75,418,3,75,0,1,1,0
,,,76,416,4,75,0,1,1,0
,,,77,414,1,6,0,2,2,0
,,,78,389,3,132,0,4,4,0
,,,79,377,2,158,0,7,7,0
,,,80,392,1,157,0,2,2,0
,,,81,380,7,7,0,3,3,0
,,,82,401,10,11,0,3,3,0
,,,83,395,5,14,0,1,1,0
,,,84,1259,4,59,0,2,2,0
,,,,87786,825,19764,0,366,351,0
2025-08-19,oPbpPR,【バイヤーも大注目！！】  ファンケルの人気アイテムが  国民的人気キャラクター「ドラえもん」の限定デザインで登場！  (マツキヨココカラLIVE）,1,3,1,0,0,0,0,0
,,,2,88,0,0,0,0,0,0
,,,3,143,0,2,0,0,0,0
,,,4,194,1,145,0,0,0,0
,,,5,222,6,134,0,0,0,0
,,,6,219,7,24,0,3,0,0
,,,7,216,6,51,0,4,0,0
,,,8,228,5,92,0,6,0,0
,,,9,229,6,3,0,1,0,0
,,,10,238,3,7,0,2,0,0
,,,11,244,6,6,0,0,0,0
,,,12,238,4,75,0,3,0,0
,,,13,245,3,33,0,5,5,0
,,,14,238,3,46,0,0,0,0
,,,15,237,1,102,0,2,2,0
,,,16,240,6,1,0,2,1,0
,,,17,248,5,64,0,1,0,0
,,,18,258,1,78,0,10,10,0
,,,19,257,1,75,0,1,1,0
,,,20,266,0,75,0,1,1,0
,,,21,284,3,105,0,1,0,0
,,,22,287,3,19,0,2,2,0
,,,23,298,5,4,0,0,0,0
,,,24,308,1,37,0,1,1,0
,,,25,296,2,40,0,0,0,0
,,,26,296,3,144,0,0,0,0
,,,27,302,7,13,0,1,1,0
,,,28,298,3,68,0,5,4,0
,,,29,321,3,15,0,1,1,0
,,,30,329,7,68,0,1,1,0
,,,31,332,4,28,0,3,3,0
,,,32,330,8,11,0,0,0,0
,,,33,336,9,8,0,1,1,0
,,,34,354,5,26,0,0,0,0
,,,35,344,3,117,0,1,1,0
,,,36,330,4,187,0,2,1,0
,,,37,303,3,6,0,1,1,0
,,,38,327,2,38,0,4,4,0
,,,39,332,6,101,0,3,3,0
,,,40,323,2,56,0,1,1,0
,,,41,339,6,14,0,2,2,0
,,,42,337,1,90,0,2,2,0
,,,43,340,9,33,0,0,0,0
,,,44,363,4,41,0,0,0,0
,,,45,354,8,18,0,0,0,0
,,,46,366,5,48,0,2,2,0
,,,47,363,1,19,0,1,1,0
,,,48,375,7,33,0,0,0,0
,,,49,385,2,82,0,1,1,0
,,,50,359,0,33,0,0,0,0
,,,51,343,6,13,0,0,0,0
,,,52,369,8,127,0,2,2,0
,,,53,382,5,100,0,1,0,0
,,,54,369,5,9,0,0,0,0
,,,55,350,0,121,0,2,2,0
,,,56,350,4,72,0,1,1,0
,,,57,344,6,26,0,2,2,0
,,,58,363,8,59,0,1,1,0
,,,59,344,0,43,0,0,0,0
,,,60,339,2,9,0,0,0,0
,,,61,355,2,38,0,2,2,0
,,,62,356,3,58,0,1,1,0
,,,63,385,6,193,0,0,0,0
,,,64,383,1,141,0,1,1,0
,,,65,380,2,53,0,0,0,0
,,,66,377,2,92,0,1,0,0
,,,67,374,3,53,0,5,3,0
,,,68,369,0,43,0,1,1,0
,,,69,387,1,67,0,2,2,0
,,,70,357,3,7,0,2,2,0
,,,71,371,3,43,0,1,0,0
,,,72,391,6,21,0,0,0,0
,,,73,369,4,174,0,1,1,0
,,,74,385,0,145,0,1,1,0
,,,75,371,2,128,0,0,0,0
,,,76,377,4,68,0,3,3,0
,,,77,382,4,72,0,1,1,0
,,,78,406,3,31,0,1,1,0
,,,79,406,7,46,0,2,2,0
,,,80,382,6,35,0,1,1,0
,,,81,386,3,12,0,7,7,0
,,,82,376,5,93,0,3,3,0
,,,83,382,5,50,0,1,1,0
,,,84,377,10,23,0,1,0,0
,,,85,379,3,139,0,2,2,0
,,,86,402,1,339,0,1,1,0
,,,87,648,3,111,0,3,3,0
,,,,84684,981,16107,0,390,300,0
2025-08-12,g2Z6Ok,美容部員が選ぶ！「夏の旅行」に持っていきたい厳選コスメリスト(マツキヨココカラLIVE）7/29回の再放送,1,104,1,0,0,0,0,0
,,,2,115,0,0,0,0,0,0
,,,3,155,0,0,0,0,0,0
,,,4,137,0,0,0,0,0,0
,,,5,153,0,0,0,0,0,0
,,,6,139,0,0,0,0,0,0
,,,7,121,0,0,0,0,0,0
,,,8,113,0,0,0,0,0,0
,,,9,106,0,0,0,0,0,0
,,,10,125,0,0,0,0,0,0
,,,11,134,0,0,0,0,0,0
,,,12,132,0,0,0,0,0,0
,,,13,133,0,0,0,0,0,0
,,,14,128,0,22,0,2,2,0
,,,15,128,0,4,0,0,0,0
,,,16,115,0,0,0,0,0,0
,,,17,109,0,0,0,1,1,0
,,,18,134,0,0,0,0,0,0
,,,19,115,0,0,0,0,0,0
,,,20,112,0,0,0,0,0,0
,,,21,103,0,15,0,0,0,0
,,,22,98,0,2,0,0,0,0
,,,23,98,0,0,0,0,0,0
,,,24,116,0,5,0,1,1,0
,,,25,109,0,1,0,1,1,0
,,,26,117,0,0,0,0,0,0
,,,27,105,0,0,0,0,0,0
,,,28,119,0,0,0,0,0,0
,,,29,102,0,0,0,0,0,0
,,,30,93,0,18,0,0,0,0
,,,31,93,0,12,0,1,1,0
,,,32,87,0,6,0,1,1,0
,,,33,101,0,0,0,0,0,0
,,,34,119,0,4,0,0,0,0
,,,35,99,0,20,0,0,0,0
,,,36,101,2,1,0,1,1,0
,,,37,122,0,0,0,0,0,0
,,,38,93,0,0,0,0,0,0
,,,39,116,0,0,0,0,0,0
,,,40,117,0,1,0,0,0,0
,,,41,109,1,4,0,0,0,0
,,,42,109,0,0,0,0,0,0
,,,43,105,0,0,0,1,1,0
,,,44,108,0,0,0,0,0,0
,,,45,97,0,1,0,0,0,0
,,,46,110,0,1,0,0,0,0
,,,47,93,0,0,0,0,0,0
,,,48,109,1,2,0,1,1,0
,,,49,127,0,0,0,0,0,0
,,,50,106,0,1,0,0,0,0
,,,51,102,0,1,0,0,0,0
,,,52,99,0,0,0,0,0,0
,,,53,105,0,0,0,0,0,0
,,,54,97,0,6,0,0,0,0
,,,55,105,0,0,0,0,0,0
,,,56,93,0,0,0,0,0,0
,,,57,102,0,0,0,0,0,0
,,,58,105,0,1,0,0,0,0
,,,59,97,0,0,0,0,0,0
,,,60,107,0,4,0,0,0,0
,,,61,99,0,0,0,0,0,0
,,,62,97,0,0,0,0,0,0
,,,63,97,0,0,0,0,0,0
,,,64,100,0,5,0,0,0,0
,,,65,98,0,0,0,0,0,0
,,,66,309,0,0,0,1,1,0
2025-08-01,5LWZpX,ヘアコスメブランド「Loretta」から  新作登場！？  グリースの概念を覆す  新感覚テクスチャーのグリースゼリー（マツキヨココカラLIVE）,1,165,1,2,0,0,0,0
,,,2,157,1,1,0,0,0,0
,,,3,179,0,5,0,0,0,0
,,,4,180,0,5,0,0,0,0
,,,5,200,0,256,0,0,0,0
,,,6,211,0,186,0,2,1,0
,,,7,208,0,84,0,0,0,0
,,,8,215,2,85,0,0,0,0
,,,9,244,2,43,0,3,3,0
,,,10,240,1,16,0,3,3,0
,,,11,225,6,2,0,2,1,0
,,,12,226,6,7,0,2,2,0
,,,13,237,2,38,0,2,2,0
,,,14,230,4,77,0,2,1,0
,,,15,248,1,7,0,0,0,0
,,,16,252,3,19,0,0,0,0
,,,17,267,3,233,0,0,0,0
,,,18,284,1,57,0,1,1,0
,,,19,275,2,10,0,1,1,0
,,,20,253,3,33,0,0,0,0
,,,21,274,4,39,0,0,0,0
,,,22,291,3,27,0,0,0,0
,,,23,289,1,34,0,0,0,0
,,,24,263,1,18,0,0,0,0
,,,25,277,1,16,0,0,0,0
,,,26,282,2,12,0,1,1,0
,,,27,295,2,28,0,0,0,0
,,,28,289,2,75,0,0,0,0
,,,29,275,1,157,0,3,3,0
,,,30,265,0,358,0,2,2,0
,,,31,288,8,119,0,1,1,0
,,,32,296,7,1,0,3,3,0
,,,33,293,4,18,0,0,0,0
,,,34,305,1,24,0,0,0,0
,,,35,313,4,9,0,1,1,0
,,,36,308,5,35,0,0,0,0
,,,37,305,2,44,0,0,0,0
,,,38,314,1,16,0,0,0,0
,,,39,306,3,54,0,1,1,0
,,,40,319,7,35,0,3,3,0
,,,41,317,7,16,0,0,0,0
,,,42,319,5,39,0,2,2,0
,,,43,312,4,28,0,2,2,0
,,,44,316,3,8,0,0,0,0
,,,45,313,8,17,0,0,0,0
,,,46,322,5,71,0,6,6,0
,,,47,322,2,50,0,3,3,0
,,,48,339,7,25,0,3,3,0
,,,49,337,0,60,0,1,0,0
,,,50,334,3,7,0,1,1,0
,,,51,353,5,119,0,0,0,0
,,,52,350,7,253,0,2,2,0
,,,53,354,4,24,0,5,5,0
,,,54,354,7,36,0,2,2,0
,,,55,363,7,118,0,4,3,0
,,,56,373,4,32,0,2,2,0
,,,57,386,4,12,0,0,0,0
,,,58,378,4,76,0,3,2,0
,,,59,372,2,209,0,0,0,0
,,,60,371,2,36,0,0,0,0
,,,61,351,1,30,0,0,0,0
,,,62,343,0,5,0,6,3,0
,,,63,351,2,8,0,2,1,0
,,,64,368,1,21,0,1,1,0
,,,65,383,2,29,0,4,4,0
,,,66,364,11,22,0,1,1,0
,,,67,365,9,28,0,3,3,0
,,,68,356,2,33,0,0,0,0
,,,69,348,2,71,0,2,1,0
,,,70,361,0,77,0,1,1,0
,,,71,361,12,9,0,3,3,0
,,,72,351,2,40,0,2,2,0
,,,73,348,3,6,0,1,1,0
,,,74,338,7,92,0,3,2,0
,,,75,1331,1,165,0,7,7,0
,,,,164829,1694,29099,0,735,651,0
2025-07-29,g2Z0R8,美容部員が選ぶ！「夏の旅行」に持っていきたい厳選コスメリスト(マツキヨココカラLIVE）,1,154,1,2,0,0,0,0
,,,2,173,1,7,0,0,0,0
,,,3,206,2,6,0,0,0,0
,,,4,192,1,2,0,0,0,0
,,,5,211,1,7,0,0,0,0
,,,6,225,4,3,0,0,0,0
,,,7,239,2,3,0,0,0,0
,,,8,244,1,8,0,0,0,0
,,,9,223,3,40,0,0,0,0
,,,10,247,1,68,0,1,1,0
,,,11,250,1,0,0,1,1,0
,,,12,248,2,2,0,2,2,0
,,,13,262,7,0,0,0,0,0
,,,14,258,2,2,0,0,0,0
,,,15,251,3,6,0,1,1,0
,,,16,250,3,6,0,2,2,0
,,,17,254,1,7,0,2,1,0
,,,18,282,5,2,0,2,2,0
,,,19,269,4,191,0,5,5,0
,,,20,262,1,140,0,1,1,0
,,,21,273,1,47,0,4,4,0
,,,22,282,1,23,0,1,1,0
,,,23,287,1,84,0,5,4,0
,,,24,282,1,0,0,6,6,0
,,,25,295,4,0,0,2,2,0
,,,26,298,2,21,0,3,3,0
,,,27,294,2,6,0,4,3,0
,,,28,273,2,50,0,1,1,0
,,,29,290,0,34,0,0,0,0
,,,30,296,1,9,0,1,1,0
,,,31,310,4,49,0,1,1,0
,,,32,282,1,17,0,1,1,0
,,,33,289,2,66,0,1,1,0
,,,34,292,1,90,0,2,2,0
,,,35,292,2,161,0,0,0,0
,,,36,284,2,2,0,0,0,0
,,,37,288,1,19,0,1,1,0
,,,38,306,3,54,0,1,1,0
,,,39,284,0,5,0,3,2,0
,,,40,290,5,3,0,0,0,0
,,,41,289,2,33,0,0,0,0
,,,42,308,1,10,0,0,0,0
,,,43,287,2,4,0,0,0,0
,,,44,301,5,13,0,1,1,0
,,,45,295,7,27,0,1,1,0
,,,46,294,2,7,0,0,0,0
,,,47,281,2,31,0,1,1,0
,,,48,299,2,17,0,3,3,0
,,,49,302,1,49,0,0,0,0
,,,50,300,1,33,0,0,0,0
,,,51,281,1,44,0,0,0,0
,,,52,294,3,33,0,0,0,0
,,,53,298,1,21,0,2,1,0
,,,54,306,0,7,0,2,2,0
,,,55,275,1,35,0,3,3,0
,,,56,294,1,39,0,3,3,0
,,,57,286,7,142,0,0,0,0
,,,58,281,1,0,0,0,0,0
,,,59,291,0,4,0,0,0,0
,,,60,294,2,29,0,2,1,0
,,,61,282,2,7,0,3,3,0
,,,62,272,0,35,0,1,1,0
,,,63,269,4,60,0,0,0,0
,,,64,267,1,54,0,0,0,0
,,,65,270,2,13,0,4,4,0
,,,66,945,6,38,0,0,0,0
,,,,55944,417,6081,0,240,222,0
2025-07-22,glDYkP,本気で選んだ！この夏手放せないサンケア＆制汗剤特集！（マツキヨココカラLIVE）,1,147,4,15,0,0,0,0
,,,2,233,3,6,0,0,0,0
,,,3,246,2,32,0,0,0,0
,,,4,251,1,3,0,0,0,0
,,,5,262,2,106,0,0,0,0
,,,6,289,2,90,0,0,0,0
,,,7,305,9,3,0,0,0,0
,,,8,289,6,236,0,0,0,0
,,,9,322,3,55,0,2,2,0
,,,10,302,1,66,0,1,1,0
,,,11,317,1,2,0,1,1,0
,,,12,315,3,7,0,3,3,0
,,,13,340,3,34,0,0,0,0
,,,14,338,2,5,0,3,3,0
,,,15,327,3,28,0,1,1,0
,,,16,360,1,36,0,1,1,0
,,,17,358,8,24,0,1,1,0
,,,18,353,2,14,0,1,1,0
,,,19,356,6,43,0,1,1,0
,,,20,378,6,23,0,2,0,0
,,,21,382,3,73,0,0,0,0
,,,22,389,4,45,0,0,0,0
,,,23,396,2,137,0,0,0,0
,,,24,383,1,26,0,3,3,0
,,,25,389,13,99,0,1,1,0
,,,26,401,1,34,0,2,2,0
,,,27,375,1,2,0,1,1,0
,,,28,377,1,48,0,0,0,0
,,,29,410,0,23,0,2,2,0
,,,30,416,2,1,0,2,1,0
,,,31,377,0,4,0,0,0,0
,,,32,419,4,21,0,2,2,0
,,,33,426,0,11,0,1,1,0
,,,34,429,3,8,0,0,0,0
,,,35,464,0,103,0,0,0,0
,,,36,432,7,97,0,1,0,0
,,,37,413,2,56,0,1,0,0
,,,38,443,3,9,0,1,0,0
,,,39,461,0,12,0,0,0,0
,,,40,454,4,8,0,0,0,0
,,,41,448,2,24,0,0,0,0
,,,42,470,3,88,0,1,0,0
,,,43,452,0,184,0,0,0,0
,,,44,472,0,265,0,0,0,0
,,,45,464,0,219,0,0,0,0
,,,46,435,3,114,0,0,0,0
,,,47,448,1,151,0,0,0,0
,,,48,455,1,140,0,0,0,0
,,,49,452,3,201,0,0,0,0
,,,50,429,4,137,0,0,0,0
,,,51,450,1,95,0,0,0,0
,,,52,477,1,82,0,0,0,0
,,,53,459,2,26,0,0,0,0
,,,54,452,0,142,0,0,0,0
,,,55,456,1,65,0,0,0,0
,,,56,430,1,54,0,0,0,0
,,,57,451,4,172,0,2,0,0
,,,58,446,4,94,0,1,0,0
,,,59,467,0,41,0,3,1,0
,,,60,479,0,7,0,3,3,0
,,,61,464,0,97,0,0,0,0
,,,62,470,2,40,0,1,0,0
,,,63,484,4,132,0,1,0,0
,,,64,478,0,21,0,0,0,0
,,,65,500,2,7,0,1,0,0
,,,66,472,0,1,0,1,1,0
,,,67,483,0,104,0,1,1,0
,,,68,481,0,161,0,2,2,0
,,,69,474,1,129,0,0,0,0
,,,70,480,4,262,0,1,0,0
,,,71,471,4,90,0,0,0,0
,,,72,440,1,78,0,1,1,0
,,,73,446,1,51,0,0,0,0
,,,74,431,0,155,0,1,1,0
,,,75,440,5,63,0,0,0,0
,,,76,455,1,213,0,2,2,0
,,,77,461,8,123,0,3,3,0
,,,78,459,1,469,0,0,0,0
,,,79,449,1,192,0,2,2,0
,,,80,1484,3,206,0,39,39,0
,,,,101214,564,19620,0,300,252,0
2025-07-15,gdLNlQ,ドラッグストア店員が本音で語る！  夏の絶対買いコスメ（マツキヨココカラLIVE）,1,149,0,2,0,0,0,0
,,,2,173,2,0,0,0,0,0
,,,3,175,0,0,0,0,0,0
,,,4,188,2,0,0,0,0,0
,,,5,200,7,8,0,0,0,0
,,,6,217,5,5,0,0,0,0
,,,7,236,0,0,0,2,2,0
,,,8,220,0,0,0,0,0,0
,,,9,225,1,1,0,1,1,0
,,,10,221,2,0,0,6,5,0
,,,11,218,3,0,0,6,6,0
,,,12,224,1,0,0,2,1,0
,,,13,244,1,6,0,1,1,0
,,,14,239,1,0,0,1,0,0
,,,15,239,3,0,0,0,0,0
,,,16,252,1,0,0,2,1,0
,,,17,266,1,0,0,0,0,0
,,,18,255,0,3,0,1,0,0
,,,19,264,2,1,0,1,1,0
,,,20,268,1,2,0,1,1,0
,,,21,255,0,4,0,6,6,0
,,,22,256,2,1,0,1,1,0
,,,23,240,4,2,0,0,0,0
,,,24,273,0,4,0,1,1,0
,,,25,248,2,10,0,1,1,0
,,,26,246,0,7,0,0,0,0
,,,27,279,0,10,0,0,0,0
,,,28,275,3,12,0,1,1,0
,,,29,278,1,2,0,0,0,0
,,,30,270,4,20,0,2,2,0
,,,31,279,0,6,0,4,4,0
,,,32,279,1,8,0,3,3,0
,,,33,274,5,11,0,3,3,0
,,,34,301,0,0,0,0,0,0
,,,35,304,2,0,0,5,4,0
,,,36,323,3,12,0,0,0,0
,,,37,316,3,11,0,0,0,0
,,,38,323,7,1,0,0,0,0
,,,39,304,1,4,0,3,3,0
,,,40,312,0,6,0,0,0,0
,,,41,290,5,8,0,2,2,0
,,,42,293,2,0,0,2,2,0
,,,43,306,3,10,0,3,3,0
,,,44,316,1,10,0,0,0,0
,,,45,305,1,5,0,2,2,0
,,,46,309,3,11,0,0,0,0
,,,47,325,1,18,0,1,1,0
,,,48,327,1,20,0,5,4,0
,,,49,337,1,17,0,1,1,0
,,,50,335,1,5,0,3,3,0
,,,51,352,3,5,0,0,0,0
,,,52,354,1,15,0,4,4,0
,,,53,361,2,19,0,0,0,0
,,,54,359,4,14,0,0,0,0
,,,55,369,2,17,0,2,2,0
,,,56,368,3,10,0,2,2,0
,,,57,389,3,10,0,4,4,0
,,,58,383,4,7,0,0,0,0
,,,59,411,3,3,0,3,2,0
,,,60,396,2,6,0,1,1,0
,,,61,375,0,12,0,1,1,0
,,,62,367,4,13,0,1,1,0
,,,63,371,3,8,0,3,3,0
,,,64,385,2,10,0,1,1,0
,,,65,391,7,38,0,4,4,0
,,,66,375,0,5,0,3,3,0
,,,67,360,6,22,0,1,1,0
,,,68,367,3,14,0,2,2,0
,,,69,362,0,14,0,4,4,0
,,,70,364,5,13,0,4,4,0
,,,71,375,0,31,0,9,9,0
,,,72,363,1,4,0,2,2,0
,,,73,358,0,23,0,3,3,0
,,,74,372,1,3,0,4,4,0
,,,75,382,5,51,0,0,0,0
,,,76,1308,8,88,0,1,0,0
,,,,71604,486,2154,0,396,369,0
2025-07-08,ojRkBj,【新体験】冷感ボディケア  　アルジェランで夏の肌にご褒美を（マツキヨココカラLIVE）※6/3配信回の再放送,1,105,0,0,0,0,0,0
,,,2,151,1,0,0,0,0,0
,,,3,159,0,0,0,0,0,0
,,,4,155,0,0,0,0,0,0
,,,5,141,0,0,0,0,0,0
,,,6,134,0,0,0,0,0,0
,,,7,125,0,0,0,0,0,0
,,,8,124,0,0,0,0,0,0
,,,9,120,0,0,0,0,0,0
,,,10,135,0,0,0,0,0,0
,,,11,142,0,0,0,1,1,0
,,,12,111,0,0,0,0,0,0
,,,13,136,0,1,0,0,0,0
,,,14,111,0,0,0,0,0,0
,,,15,118,0,0,0,0,0,0
,,,16,108,0,0,0,1,1,0
,,,17,109,0,0,0,1,1,0
,,,18,134,0,0,0,0,0,0
,,,19,110,0,0,0,0,0,0
,,,20,116,0,0,0,0,0,0
,,,21,146,0,0,0,0,0,0
,,,22,134,0,0,0,0,0,0
,,,23,127,0,1,0,1,0,0
,,,24,134,0,0,0,0,0,0
,,,25,127,0,0,0,0,0,0
,,,26,144,0,0,0,0,0,0
,,,27,136,0,0,0,0,0,0
,,,28,121,1,1,0,1,1,0
,,,29,121,0,0,0,0,0,0
,,,30,128,0,0,0,0,0,0
,,,31,137,0,0,0,0,0,0
,,,32,131,0,0,0,0,0,0
,,,33,127,0,0,0,0,0,0
,,,34,117,0,0,0,0,0,0
,,,35,106,0,1,0,0,0,0
,,,36,101,0,0,0,0,0,0
,,,37,110,0,0,0,0,0,0
,,,38,108,0,0,0,0,0,0
,,,39,125,0,0,0,0,0,0
,,,40,122,0,0,0,0,0,0
,,,41,125,0,0,0,0,0,0
,,,42,123,0,0,0,0,0,0
,,,43,107,0,0,0,0,0,0
,,,44,110,0,0,0,0,0,0
,,,45,128,0,0,0,0,0,0
,,,46,118,0,0,0,0,0,0
,,,47,119,0,0,0,0,0,0
,,,48,106,0,0,0,6,6,0
,,,49,129,0,0,0,3,2,0
,,,50,121,0,1,0,1,0,0
,,,51,103,0,0,0,1,0,0
,,,52,119,0,0,0,1,1,0
,,,53,109,0,0,0,0,0,0
,,,54,114,0,0,0,0,0,0
,,,55,126,0,0,0,2,1,0
,,,56,128,0,0,0,3,0,0
,,,57,119,0,0,0,0,0,0
,,,58,113,0,0,0,0,0,0
,,,59,104,0,0,0,0,0,0
,,,60,106,0,0,0,1,1,0
,,,61,131,0,0,0,0,0,0
,,,62,118,1,0,0,0,0,0
,,,63,113,0,0,0,0,0,0
,,,64,112,0,0,0,0,0,0
,,,65,106,0,0,0,0,0,0
,,,66,364,0,0,0,0,0,0
2025-07-01,gpQd9G,雪肌精×Number_iコラボ！  大人気のブライトニングシリーズを大解剖！（マツキヨココカラLIVE）,1,130,3,68,0,3,0,0
,,,2,171,7,469,0,0,0,0
,,,3,183,5,600,0,0,0,0
,,,4,187,3,980,0,1,0,0
,,,5,197,5,767,0,1,0,0
,,,6,203,6,1098,0,1,0,0
,,,7,206,6,964,0,4,3,0
,,,8,214,6,560,0,0,0,0
,,,9,210,10,1049,0,0,0,0
,,,10,243,6,566,0,0,0,0
,,,11,261,5,482,0,1,0,0
,,,12,238,2,536,0,3,3,0
,,,13,253,3,652,0,5,4,0
,,,14,257,7,511,0,4,4,0
,,,15,241,4,566,0,7,7,0
,,,16,262,5,415,0,2,2,0
,,,17,272,3,463,0,3,3,0
,,,18,254,2,557,0,1,1,0
,,,19,244,13,520,0,1,1,0
,,,20,236,5,473,0,2,0,0
,,,21,255,6,649,0,0,0,0
,,,22,271,2,672,0,4,4,0
,,,23,287,3,428,0,3,1,0
,,,24,300,3,555,0,1,1,0
,,,25,291,1,263,0,0,0,0
,,,26,293,1,564,0,3,3,0
,,,27,309,10,610,0,1,1,0
,,,28,301,4,627,0,1,1,0
,,,29,321,6,675,0,1,1,0
,,,30,323,8,434,0,0,0,0
,,,31,320,4,434,0,14,14,0
,,,32,338,4,292,0,1,1,0
,,,33,350,5,693,0,5,5,0
,,,34,317,7,804,0,3,3,0
,,,35,328,10,678,0,3,3,0
,,,36,328,1,1038,0,1,0,0
,,,37,327,3,1081,0,4,0,0
,,,38,336,12,770,0,2,2,0
,,,39,340,4,1001,0,1,1,0
,,,40,334,8,808,0,0,0,0
,,,41,339,13,817,0,0,0,0
,,,42,331,4,806,0,0,0,0
,,,43,356,5,848,0,0,0,0
,,,44,350,4,723,0,3,3,0
,,,45,337,7,536,0,3,3,0
,,,46,364,7,651,0,3,3,0
,,,47,356,8,785,0,1,1,0
,,,48,366,6,753,0,2,1,0
,,,49,393,2,946,0,2,2,0
,,,50,419,0,615,0,1,1,0
,,,51,408,2,795,0,5,5,0
,,,52,385,2,934,0,0,0,0
,,,53,383,11,837,0,3,3,0
,,,54,382,3,1059,0,1,1,0
,,,55,392,0,1769,0,7,5,0
,,,56,386,1,1526,0,2,2,0
,,,57,399,2,1652,0,6,5,0
,,,58,385,2,1419,0,7,7,0
,,,59,398,10,1329,0,0,0,0
,,,60,394,3,1076,0,2,2,0
,,,61,382,4,1476,0,2,2,0
,,,62,387,4,1112,0,9,8,0
,,,63,393,2,2084,0,7,6,0
,,,64,417,6,1121,0,4,3,0
,,,65,1582,6,736,0,10,8,0
,,,,64245,966,155331,0,501,420,0
2025-06-24,vJpW2M,マツキヨココカラ美容スタッフが厳選！  落ちにくい優秀リップ特集！（マツキヨココカラLIVE）,1,162,0,1,0,3,0,0
,,,2,185,0,14,0,2,0,0
,,,3,209,3,0,0,2,0,0
,,,4,212,0,29,0,29,28,0
,,,5,187,0,2,0,5,5,0
,,,6,209,0,1,0,1,1,0
,,,7,246,5,1,0,4,4,0
,,,8,256,4,0,0,3,3,0
,,,9,258,1,1,0,15,15,0
,,,10,272,0,15,0,10,10,0
,,,11,293,2,3,0,6,6,0
,,,12,281,6,3,0,5,5,0
,,,13,276,1,7,0,7,6,0
,,,14,291,0,0,0,7,7,0
,,,15,281,6,0,0,2,2,0
,,,16,302,0,25,0,2,2,0
,,,17,285,2,0,0,6,5,0
,,,18,308,2,0,0,9,9,0
,,,19,310,2,5,0,11,11,0
,,,20,319,9,13,0,7,6,0
,,,21,328,4,0,0,3,2,0
,,,22,328,7,1,0,3,2,0
,,,23,310,0,7,0,9,9,0
,,,24,318,2,1,0,5,5,0
,,,25,311,0,20,0,9,9,0
,,,26,343,0,22,0,19,18,0
,,,27,363,7,11,0,4,4,0
,,,28,335,2,1,0,5,5,0
,,,29,336,1,1,0,26,26,0
,,,30,351,1,18,0,4,4,0
,,,31,326,1,8,0,1,1,0
,,,32,329,3,14,0,3,3,0
,,,33,335,4,0,0,8,8,0
,,,34,368,4,0,0,6,6,0
,,,35,372,0,0,0,1,1,0
,,,36,374,0,0,0,1,1,0
,,,37,381,3,5,0,4,3,0
,,,38,379,2,3,0,2,2,0
,,,39,352,1,0,0,2,2,0
,,,40,377,0,1,0,4,4,0
,,,41,386,1,0,0,10,10,0
,,,42,372,4,0,0,5,5,0
,,,43,357,1,4,0,6,6,0
,,,44,375,0,11,0,1,1,0
,,,45,364,4,6,0,6,6,0
,,,46,374,5,58,0,5,5,0
,,,47,376,1,0,0,3,3,0
,,,48,412,4,4,0,2,2,0
,,,49,411,1,97,0,3,3,0
,,,50,394,2,147,0,13,13,0
,,,51,402,3,21,0,14,14,0
,,,52,379,8,16,0,6,5,0
,,,53,399,3,21,0,1,1,0
,,,54,398,4,8,0,2,2,0
,,,55,397,3,10,0,3,3,1
,,,56,412,2,69,0,7,7,0
,,,57,422,3,4,0,2,2,0
,,,58,423,3,1,0,3,3,0
,,,59,431,2,7,0,7,6,0
,,,60,444,0,8,0,6,6,0
,,,61,433,1,1,0,11,11,0
,,,62,422,2,1,0,20,19,1
,,,63,402,1,1,0,12,12,0
,,,64,424,3,0,0,4,4,0
,,,65,443,0,4,0,1,1,0
,,,66,414,6,0,0,6,6,0
,,,67,432,1,9,0,25,24,0
,,,68,424,5,3,0,10,10,0
,,,69,439,8,67,0,3,2,0
,,,70,446,3,32,0,4,4,0
,,,71,418,2,183,0,3,3,0
,,,72,406,7,109,0,14,14,0
,,,73,401,4,64,0,11,9,0
,,,74,419,1,224,0,5,2,0
,,,75,439,0,101,0,7,6,0
,,,76,458,2,0,0,1,1,0
,,,77,446,3,0,0,2,2,0
,,,78,456,7,3,0,4,4,0
,,,79,466,7,75,0,4,4,0
,,,80,458,1,16,0,16,16,0
,,,81,455,5,148,0,10,10,0
,,,82,468,4,48,0,4,3,0
,,,83,450,0,21,0,9,9,0
,,,84,443,5,41,0,6,6,0
,,,85,480,4,9,0,8,7,0
,,,86,459,1,2,0,16,16,0
,,,87,1319,1,22,0,16,16,0
,,,,98118,669,5727,0,1776,1692,6
2025-06-17,5RWDPN,エージーデオ２４スプレー史上最高のニオイケア「デオドラントスプレー」を徹底解剖(マツキヨココカラLIVE）,1,162,3,80,0,10,5,2
,,,2,189,3,55,0,12,11,0
,,,3,183,1,40,0,3,2,0
,,,4,197,6,0,0,0,0,0
,,,5,222,0,17,0,7,7,0
,,,6,236,0,9,0,2,2,0
,,,7,243,1,3,0,1,1,0
,,,8,249,4,17,0,0,0,0
,,,9,238,1,30,0,0,0,0
,,,10,219,0,0,0,0,0,0
,,,11,254,0,2,0,1,1,0
,,,12,252,4,5,0,2,2,0
,,,13,249,1,1,0,0,0,0
,,,14,263,0,5,0,1,1,0
,,,15,273,1,2,0,0,0,0
,,,16,278,1,5,0,0,0,0
,,,17,275,2,2,0,2,2,0
,,,18,269,0,2,0,4,4,0
,,,19,284,0,4,0,0,0,0
,,,20,281,7,17,0,0,0,1
,,,21,274,5,3,0,2,2,0
,,,22,280,1,2,0,1,1,0
,,,23,286,1,94,0,0,0,0
,,,24,296,2,12,0,2,2,0
,,,25,315,0,1,0,2,2,0
,,,26,312,2,3,0,4,4,0
,,,27,326,1,15,0,2,2,0
,,,28,318,4,4,0,8,8,0
,,,29,297,3,11,0,5,5,0
,,,30,291,0,3,0,4,4,0
,,,31,307,3,7,0,2,2,0
,,,32,293,0,297,0,1,1,0
,,,33,294,1,253,0,1,1,0
,,,34,315,3,13,0,0,0,0
,,,35,328,7,0,0,0,0,0
,,,36,325,2,7,0,4,4,0
,,,37,335,2,4,0,1,1,0
,,,38,342,1,65,0,5,5,0
,,,39,340,2,192,0,2,2,0
,,,40,351,0,112,0,5,5,0
,,,41,345,2,87,0,8,8,0
,,,42,331,4,40,0,1,1,0
,,,43,336,2,6,0,2,2,0
,,,44,335,1,31,0,1,1,0
,,,45,308,4,153,0,2,2,0
,,,46,336,1,54,0,1,1,0
,,,47,333,3,20,0,3,3,0
,,,48,327,1,54,0,6,6,0
,,,49,333,1,10,0,3,3,0
,,,50,341,0,6,0,3,3,0
,,,51,350,0,3,0,1,1,0
,,,52,367,0,30,0,0,0,0
,,,53,357,6,14,0,0,0,0
,,,54,362,1,4,0,1,1,0
,,,55,349,0,20,0,4,4,0
,,,56,349,5,39,0,1,1,0
,,,57,373,1,2,0,2,2,0
,,,58,340,2,4,0,4,4,0
,,,59,338,0,4,0,1,1,0
,,,60,341,1,2,0,1,1,0
,,,61,355,1,15,0,2,2,0
,,,62,360,1,5,0,3,2,0
,,,63,363,1,9,0,1,1,0
,,,64,353,0,34,0,1,1,0
,,,65,358,8,6,0,0,0,0
,,,66,373,1,9,0,5,5,0
,,,67,358,1,40,0,4,2,0
,,,68,358,10,44,0,3,3,0
,,,69,1643,0,6,0,5,5,0
,,,,67239,399,6435,0,495,465,9
2025-06-10,vVMQle,LIPS人気美容インフルエンサーが高濃度ヘアケアアイテム「コンクレッド」をガチレビュー！（マツキヨココカラLIVE）,1,162,2,5,0,3,0,0
,,,2,174,0,1,0,2,0,0
,,,3,200,5,6,0,0,0,0
,,,4,223,0,67,0,1,1,0
,,,5,231,0,0,0,2,1,0
,,,6,236,1,1,0,0,0,0
,,,7,227,0,0,0,0,0,0
,,,8,222,0,31,0,0,0,0
,,,9,226,4,4,0,3,1,0
,,,10,248,3,0,0,4,4,0
,,,11,279,1,7,0,12,12,0
,,,12,277,0,31,0,2,1,0
,,,13,274,0,1,0,1,0,1
,,,14,310,0,0,0,1,1,0
,,,15,280,0,1,0,7,7,0
,,,16,272,1,2,0,1,1,0
,,,17,302,1,2,0,1,1,0
,,,18,308,0,0,0,1,1,0
,,,19,296,0,3,0,1,1,0
,,,20,292,0,13,0,1,1,0
,,,21,306,1,1,0,0,0,0
,,,22,298,1,3,0,0,0,0
,,,23,315,2,0,0,0,0,0
,,,24,331,0,0,0,5,3,0
,,,25,323,0,1,0,1,1,0
,,,26,330,0,7,0,0,0,0
,,,27,324,0,5,0,2,2,0
,,,28,343,0,0,0,4,4,0
,,,29,351,1,0,0,0,0,0
,,,30,360,4,0,0,0,0,0
,,,31,346,0,12,0,1,1,0
,,,32,371,2,3,0,0,0,0
,,,33,363,0,14,0,1,1,0
,,,34,387,1,0,0,1,0,0
,,,35,384,2,1,0,1,1,0
,,,36,384,0,1,0,3,2,0
,,,37,392,1,59,0,4,1,0
,,,38,391,10,0,0,1,1,0
,,,39,375,0,35,0,1,0,0
,,,40,403,1,60,0,1,0,0
,,,41,390,2,56,0,1,1,0
,,,42,406,3,53,0,0,0,0
,,,43,418,0,5,0,3,2,0
,,,44,426,3,64,0,4,4,0
,,,45,409,1,82,0,6,6,0
,,,46,409,3,90,0,1,1,0
,,,47,408,0,59,0,3,2,0
,,,48,398,2,119,0,0,0,0
,,,49,400,3,29,0,1,1,0
,,,50,400,3,73,0,1,1,0
,,,51,407,2,1,0,3,3,0
,,,52,438,0,2,0,2,2,0
,,,53,414,8,84,0,1,1,0
,,,54,403,4,50,0,3,2,0
,,,55,424,4,0,0,3,2,0
,,,56,433,1,0,0,11,10,0
,,,57,435,0,5,0,4,3,0
,,,58,428,0,48,0,1,1,0
,,,59,2149,1,13,0,9,7,0
,,,,108555,420,6050,0,630,495,5
2025-06-06,5aVrR9,Copy  of  LIPS人気美容インフルエンサーが高濃度ヘアケアアイテム「コンクレッド」をガチレビュー！（マツキヨココカラLIVE）,1,1,0,0,0,0,0,0
,,,2,1,0,1,0,0,0,0
,,,3,1,0,0,0,0,0,0
,,,4,1,0,0,0,0,0,0
,,,5,1,0,0,0,0,0,0
,,,8,1,0,0,0,0,0,0
,,,9,1,0,0,0,0,0,0
,,,10,1,0,0,0,0,0,0
,,,11,1,0,0,0,0,0,0
,,,12,1,0,0,0,0,0,0
,,,13,1,0,0,0,0,0,0
,,,15,1,0,0,0,0,0,0
,,,,36,0,3,0,0,0,0
2025-06-03,oA127b,【新体験】冷感ボディケア  　アルジェランで夏の肌にご褒美を（マツキヨココカラLIVE）,1,134,2,2,0,5,0,0
,,,2,181,3,0,0,0,0,0
,,,3,178,6,3,0,0,0,0
,,,4,196,7,0,0,0,0,0
,,,5,219,0,2,0,0,0,0
,,,6,252,1,4,0,0,0,0
,,,7,240,0,3,0,0,0,0
,,,8,254,4,15,0,5,4,0
,,,9,257,5,57,0,4,2,0
,,,10,242,2,2,0,7,7,0
,,,11,244,6,18,0,2,2,0
,,,12,250,3,15,0,1,1,0
,,,13,276,3,4,0,2,2,0
,,,14,302,3,17,0,7,7,0
,,,15,292,2,5,0,3,3,0
,,,16,290,2,39,0,0,0,0
,,,17,306,1,6,0,1,1,0
,,,18,288,1,3,0,3,3,0
,,,19,299,1,7,0,1,1,0
,,,20,290,3,11,0,3,3,0
,,,21,302,1,9,0,0,0,0
,,,22,311,1,3,0,6,6,0
,,,23,323,1,2,0,3,3,0
,,,24,309,6,28,0,3,3,0
,,,25,329,4,26,0,1,1,0
,,,26,330,4,42,0,2,2,0
,,,27,335,4,16,0,1,1,0
,,,28,338,10,8,0,4,4,0
,,,29,343,0,41,0,5,4,0
,,,30,330,1,34,0,3,3,0
,,,31,331,3,2,0,1,1,0
,,,32,329,4,3,0,1,1,0
,,,33,356,4,24,0,2,2,0
,,,34,336,2,3,0,1,1,0
,,,35,354,2,17,0,2,2,0
,,,36,332,3,24,0,3,3,0
,,,37,343,11,210,0,3,3,0
,,,38,342,3,141,0,3,3,0
,,,39,345,3,50,0,5,5,0
,,,40,357,1,4,0,1,1,0
,,,41,346,5,2,0,0,0,0
,,,42,323,4,1,0,7,7,0
,,,43,324,4,0,0,2,0,0
,,,44,347,4,10,0,4,3,0
,,,45,358,7,0,0,1,1,0
,,,46,331,0,1,0,3,3,0
,,,47,353,2,1,0,2,2,0
,,,48,355,6,1,0,1,1,0
,,,49,337,3,5,0,2,1,0
,,,50,336,4,2,0,2,1,0
,,,51,354,8,3,0,3,3,0
,,,52,365,1,8,0,5,5,0
,,,53,356,4,156,0,8,8,0
,,,54,376,8,52,0,2,1,0
,,,55,370,6,1,0,2,2,0
,,,56,379,6,35,0,4,4,0
,,,57,366,3,13,0,6,6,0
,,,58,384,3,18,0,3,3,0
,,,59,384,5,4,0,0,0,0
,,,60,363,6,80,0,0,0,0
,,,61,377,1,2,0,0,0,0
,,,62,373,3,120,0,6,4,0
,,,63,364,11,35,0,1,1,0
,,,64,358,10,0,0,0,0,0
,,,65,363,3,26,0,0,0,0
,,,66,1940,11,110,0,3,3,0
,,,,67641,753,4758,0,483,432,0
2025-05-27,gwXdzm,可愛さ満点♡ハチミツ美容の「&honey」とサンリオの人気キャラクター  「クロミ」が数量限定コラボで登場！（マツキヨココカラLIVE）,1,225,5,93,0,40,26,0
,,,2,236,5,58,0,8,8,0
,,,3,253,5,36,0,2,2,0
,,,4,283,2,149,0,6,5,0
,,,5,275,7,96,0,1,1,0
,,,6,242,5,2,0,1,1,0
,,,7,258,4,142,0,4,4,0
,,,8,263,17,1,0,7,7,0
,,,9,249,4,8,0,1,1,0
,,,10,260,2,5,0,5,5,0
,,,11,276,5,4,0,2,2,0
,,,12,299,3,2,0,6,5,0
,,,13,280,6,3,0,9,9,0
,,,14,263,1,41,0,17,17,0
,,,15,264,3,38,0,3,3,0
,,,16,260,5,102,0,1,1,0
,,,17,255,11,48,0,1,1,0
,,,18,276,1,87,0,1,1,0
,,,19,272,2,157,0,4,4,0
,,,20,299,2,56,0,3,2,0
,,,21,294,5,71,0,0,0,0
,,,22,298,7,0,0,1,0,0
,,,23,285,0,18,0,0,0,0
,,,24,303,9,0,0,3,3,0
,,,25,286,1,50,0,0,0,0
,,,26,269,3,67,0,5,5,0
,,,27,264,6,3,0,3,3,0
,,,28,288,1,29,0,3,3,0
,,,29,287,5,1,0,6,6,0
,,,30,327,5,2,0,1,1,0
,,,31,288,6,263,0,5,5,0
,,,32,294,4,311,0,9,9,0
,,,33,293,4,337,0,3,2,0
,,,34,283,7,136,0,4,4,0
,,,35,316,2,25,0,0,0,0
,,,36,324,2,0,0,5,4,0
,,,37,303,6,24,0,0,0,0
,,,38,326,8,3,0,1,1,0
,,,39,320,4,0,0,3,3,0
,,,40,336,3,119,0,3,3,0
,,,41,301,7,5,0,2,2,0
,,,42,314,11,6,0,2,2,0
,,,43,268,5,1,0,2,2,0
,,,44,297,0,1,0,0,0,0
,,,45,303,6,4,0,0,0,0
,,,46,294,1,13,0,1,1,0
,,,47,282,7,41,0,2,2,0
,,,48,310,17,165,0,3,3,0
,,,49,306,4,1,0,0,0,0
,,,50,295,1,31,0,1,1,0
,,,51,329,12,1,0,5,4,0
,,,52,321,5,52,0,3,3,0
,,,53,315,13,0,0,2,2,0
,,,54,322,1,1,0,5,5,0
,,,55,307,4,7,0,1,1,0
,,,56,323,6,68,0,1,1,0
,,,57,351,2,4,0,9,8,0
,,,58,340,1,1,0,7,7,0
,,,59,329,3,17,0,4,4,0
,,,60,339,2,142,0,0,0,0
,,,61,334,3,57,0,3,3,0
,,,62,304,18,194,0,1,1,0
,,,63,303,12,40,0,2,2,0
,,,64,327,5,3,0,1,1,0
,,,65,324,13,97,0,6,6,0
,,,66,331,5,18,0,1,1,0
,,,67,325,21,113,0,4,4,0
,,,68,10624,2,40,0,14,10,0
,,,,91170,1110,11130,0,777,699,0
2025-05-20,gkE4yQ,最近なんだか疲れてる？この時期おすすめ休息グッズを紹介！（マツキヨココカラLIVE）,1,210,0,0,0,10,0,0
,,,2,228,0,10,0,1,0,0
,,,3,228,1,11,0,0,0,0
,,,4,252,1,11,0,0,0,0
,,,5,266,1,10,0,2,2,0
,,,6,280,0,12,0,2,2,0
,,,7,289,2,12,0,1,1,0
,,,8,315,4,45,0,1,1,0
,,,9,316,0,14,0,2,2,0
,,,10,324,1,16,0,1,1,0
,,,11,313,1,22,0,3,3,0
,,,12,325,1,21,0,1,1,0
,,,13,312,1,12,0,1,1,0
,,,14,311,3,11,0,1,1,0
,,,15,330,0,56,0,0,0,0
,,,16,343,1,29,0,6,5,0
,,,17,330,1,14,0,3,3,0
,,,18,359,0,0,0,0,0,0
,,,19,361,2,5,0,0,0,0
,,,20,371,1,3,0,0,0,0
,,,21,385,3,8,0,0,0,0
,,,22,392,0,10,0,0,0,0
,,,23,369,2,12,0,0,0,0
,,,24,412,1,17,0,5,5,0
,,,25,385,0,13,0,1,0,0
,,,26,399,4,20,0,1,1,0
,,,27,395,6,10,0,1,1,0
,,,28,407,2,23,0,1,1,0
,,,29,406,3,30,0,3,3,0
,,,30,401,1,5,0,1,1,0
,,,31,426,1,4,0,0,0,0
,,,32,399,0,8,0,0,0,0
,,,33,414,1,20,0,2,2,0
,,,34,413,0,25,0,1,1,0
,,,35,416,3,36,0,1,1,0
,,,36,398,1,90,0,2,2,0
,,,37,410,1,97,0,2,1,0
,,,38,416,2,100,0,1,1,0
,,,39,423,2,50,0,1,1,0
,,,40,400,3,110,0,3,3,0
,,,41,424,6,65,0,1,1,0
,,,42,423,2,40,0,0,0,0
,,,43,406,2,70,0,0,0,0
,,,44,406,1,7,0,4,4,0
,,,45,416,0,18,0,5,4,0
,,,46,421,3,70,0,1,1,0
,,,47,452,3,43,0,2,2,0
,,,48,442,2,53,0,1,1,0
,,,49,466,0,27,0,0,0,0
,,,50,452,2,37,0,2,2,0
,,,51,434,1,24,0,1,1,0
,,,52,450,3,42,0,9,9,0
,,,53,472,1,84,0,3,2,0
,,,54,455,1,42,0,5,5,0
,,,55,454,1,91,0,1,1,0
,,,56,446,2,69,0,6,5,0
,,,57,469,1,51,0,3,2,0
,,,58,485,7,19,0,2,1,0
,,,59,476,0,135,0,3,1,0
,,,60,475,1,39,0,4,3,0
,,,61,1205,0,23,0,44,44,0
,,,,72774,288,6153,0,474,408,0
2025-05-13,5Dy6yJ,『3650』のココがすごい！テクニックいらず×多彩なカラバリ  商品の魅力を徹底解説！（マツキヨココカラLIVE）,1,221,0,3,0,4,0,0
,,,2,258,1,6,0,1,0,0
,,,3,272,3,1,0,3,0,0
,,,4,295,0,3,0,36,36,0
,,,5,283,0,26,0,3,3,0
,,,6,323,1,9,0,1,1,0
,,,7,325,0,3,0,2,2,0
,,,8,320,0,7,0,0,0,0
,,,9,328,0,9,0,0,0,0
,,,10,333,0,22,0,0,0,0
,,,11,365,1,25,0,0,0,0
,,,12,383,1,0,0,0,0,0
,,,13,380,3,0,0,5,5,0
,,,14,386,1,10,0,1,1,0
,,,15,385,1,30,0,0,0,0
,,,16,404,1,46,0,4,2,0
,,,17,397,0,30,0,1,1,0
,,,18,409,0,0,0,4,4,0
,,,19,408,0,2,0,3,3,0
,,,20,406,1,1,0,3,3,0
,,,21,401,0,14,0,1,1,0
,,,22,435,1,48,0,4,4,0
,,,23,425,0,34,0,2,2,0
,,,24,437,0,6,0,2,2,0
,,,25,419,0,8,0,4,4,0
,,,26,416,0,6,0,0,0,0
,,,27,419,1,4,0,2,1,0
,,,28,404,2,1,0,4,4,0
,,,29,427,2,2,0,0,0,0
,,,30,419,3,4,0,2,2,0
,,,31,430,1,6,0,0,0,0
,,,32,412,4,7,0,3,2,0
,,,33,438,4,12,0,6,6,0
,,,34,454,2,2,0,2,2,0
,,,35,450,1,7,0,5,5,0
,,,36,493,3,11,0,0,0,0
,,,37,463,2,3,0,4,4,0
,,,38,455,2,5,0,1,1,0
,,,39,472,0,6,0,1,1,0
,,,40,490,1,10,0,2,2,0
,,,41,476,0,11,0,2,2,0
,,,42,478,0,8,0,5,5,0
,,,43,479,0,3,0,3,3,0
,,,44,476,2,7,0,1,1,0
,,,45,473,1,11,0,3,2,0
,,,46,492,1,6,0,2,2,0
,,,47,474,0,25,0,3,3,0
,,,48,473,2,34,0,2,1,0
,,,49,492,0,21,0,2,2,0
,,,50,509,1,11,0,1,1,0
,,,51,514,5,20,0,5,5,0
,,,52,490,2,11,0,3,2,0
,,,53,484,0,6,0,3,3,0
,,,54,492,7,2,0,0,0,0
,,,55,508,0,23,0,2,2,0
,,,56,493,3,19,0,7,7,0
,,,57,487,1,31,0,3,3,0
,,,58,513,1,13,0,6,6,0
,,,59,495,0,22,0,5,5,0
,,,60,485,3,3,0,1,1,0
,,,61,502,2,29,0,3,3,0
,,,62,536,0,22,0,4,4,0
,,,63,539,1,48,0,10,10,0
,,,64,517,4,42,0,3,3,0
,,,65,524,0,41,0,1,1,0
,,,66,512,1,39,0,0,0,0
,,,67,506,2,52,0,1,1,0
,,,68,509,1,20,0,2,2,0
,,,69,511,1,10,0,0,0,0
,,,70,551,4,24,0,0,0,0
,,,71,511,3,12,0,2,2,0
,,,72,506,1,58,0,1,1,0
,,,73,516,2,56,0,2,2,0
,,,74,516,1,25,0,0,0,0
,,,75,522,6,57,0,3,3,0
,,,76,520,3,69,0,4,4,0
,,,77,520,0,56,0,4,4,0
,,,78,1355,3,100,0,3,2,0
,,,,106788,321,4428,0,654,606,0
,oNR89l,"5/12
",3,2,0,0,0,0,0,0
,,,4,3,0,4,0,0,0,0
,,,5,3,0,0,0,0,0,0
,,,6,3,0,4,0,0,0,0
,,,7,4,0,0,0,0,0,0
,,,8,4,0,0,0,0,0,0
,,,9,4,0,0,0,0,0,0
,,,10,4,0,0,0,0,0,0
,,,11,4,0,0,0,0,0,0
,,,12,4,0,0,0,0,0,0
,,,13,4,0,0,0,0,0,0
,,,14,6,0,0,0,0,0,0
,,,15,6,1,0,0,0,0,0
,,,16,6,0,0,0,0,0,0
,,,17,6,5,0,0,0,0,0
,,,18,5,0,0,0,0,0,0
,,,19,4,0,0,0,0,0,0
,,,20,4,0,0,0,0,0,0
,,,21,5,0,0,0,0,0,0
,,,22,6,0,0,0,0,0,0
,,,23,6,0,0,0,0,0,0
,,,24,6,0,0,0,0,0,0
,,,25,6,0,0,0,0,0,0
,,,26,6,0,0,0,0,0,0
,,,27,6,0,0,0,0,0,0
,,,28,6,0,0,0,0,0,0
,,,29,5,0,0,0,0,0,0
,,,30,5,0,0,0,0,0,0
,,,31,5,0,0,0,0,0,0
,,,32,5,0,0,0,0,0,0
,,,33,5,0,0,0,0,0,0
,,,34,5,0,0,0,0,0,0
,,,35,5,0,0,0,0,0,0
,,,36,5,0,0,0,0,0,0
,,,37,6,0,0,0,0,0,0
,,,38,6,0,0,0,0,0,0
,,,39,6,0,0,0,0,0,0
,,,40,6,0,0,0,0,0,0
,,,41,6,0,0,0,0,0,0
,,,42,5,0,0,0,0,0,0
,,,43,5,0,0,0,0,0,0
,,,44,5,0,0,0,0,0,0
,,,45,5,0,0,0,0,0,0
,,,46,5,0,0,0,0,0,0
,,,47,5,0,0,0,0,0,0
,,,48,6,0,0,0,0,0,0
,,,49,6,0,0,0,1,1,0
,,,50,6,0,0,0,0,0,0
,,,51,6,0,0,0,0,0,0
,,,52,7,0,0,0,0,0,0
,,,53,7,0,0,0,0,0,0
,,,54,7,0,0,0,0,0,0
,,,55,7,0,0,0,0,0,0
,,,56,7,0,0,0,0,0,0
,,,57,7,0,0,0,0,0,0
,,,58,7,0,0,0,0,0,0
,,,59,7,0,0,0,0,0,0
,,,60,7,0,0,0,1,1,0
,,,61,7,0,0,0,0,0,0
,,,62,7,0,0,0,0,0,0
,,,63,7,0,0,0,0,0,0
,,,64,7,0,0,0,0,0,0
,,,65,7,0,0,0,0,0,0
,,,66,7,0,0,0,0,0,0
,,,67,7,0,0,0,0,0,0
,,,68,7,0,0,0,0,0,0
,,,69,7,0,0,0,1,1,0
,,,70,7,0,0,0,2,2,0
,,,71,7,0,0,0,0,0,0
,,,72,7,0,0,0,0,0,0
,,,73,7,0,0,0,0,0,0
,,,74,7,0,0,0,0,0,0
,,,75,7,0,0,0,1,1,0
,,,76,7,0,0,0,0,0,0
,,,77,7,0,0,0,0,0,0
,,,78,6,0,0,0,0,0,0
,,,79,6,0,0,0,0,0,0
,,,80,6,0,0,0,0,0,0
,,,81,6,0,0,0,0,0,0
,,,82,6,0,0,0,0,0,0
,,,83,5,0,0,0,0,0,0
,,,84,6,0,0,0,1,1,0
,,,85,6,0,0,0,0,0,0
,,,86,6,0,0,0,0,0,0
,,,87,6,0,0,0,0,0,0
,,,88,6,0,0,0,0,0,0
,,,89,6,0,0,0,0,0,0
,,,90,6,0,0,0,0,0,0
,,,91,6,0,0,0,0,0,0
,,,92,6,0,0,0,0,0,0
,,,93,7,0,0,0,0,0,0
,,,94,6,0,0,0,0,0,0
,,,95,6,0,0,0,0,0,0
,,,96,7,0,0,0,0,0,0
,,,97,7,0,0,0,0,0,0
,,,98,7,0,0,0,0,0,0
,,,99,7,0,0,0,0,0,0
,,,100,8,0,0,0,0,0,0
,,,101,8,0,0,0,0,0,0
,,,102,8,0,0,0,0,0,0
,,,103,8,0,0,0,0,0,0
,,,104,8,0,0,0,1,1,0
,,,105,8,0,0,0,1,1,0
,,,106,8,0,0,0,0,0,0
,,,107,8,0,0,0,0,0,0
,,,108,8,0,0,0,0,0,0
,,,109,8,0,0,0,0,0,0
,,,110,8,0,0,0,0,0,0
,,,111,8,0,0,0,0,0,0
,,,112,8,0,0,0,0,0,0
,,,113,8,0,0,0,0,0,0
,,,114,7,0,0,0,0,0,0
,,,115,7,0,0,0,0,0,0
,,,116,7,0,0,0,0,0,0
,,,117,7,0,0,0,0,0,0
,,,118,7,0,0,0,0,0,0
,,,119,7,0,0,0,1,1,0
,,,120,7,0,0,0,0,0,0
,,,121,7,0,0,0,0,0,0
,,,122,7,0,0,0,0,0,0
,,,123,7,0,0,0,0,0,0
,,,124,7,0,0,0,0,0,0
,,,125,7,0,0,0,0,0,0
,,,126,7,0,0,0,0,0,0
,,,127,8,0,0,0,0,0,0
,,,128,8,0,0,0,0,0,0
,,,129,8,0,0,0,0,0,0
,,,130,8,0,0,0,0,0,0
,,,131,6,0,0,0,0,0,0
,,,132,6,0,0,0,0,0,0
,,,133,6,0,0,0,0,0,0
,,,134,6,0,0,0,0,0,0
,,,135,6,0,0,0,0,0,0
,,,136,6,0,0,0,0,0,0
,,,137,6,0,0,0,0,0,0
,,,138,5,0,0,0,0,0,0
,,,139,5,0,0,0,0,0,0
2025-05-06,5nW3yG,【トレンドど真ん中】バズり韓国コスメを美容部員が生レビュー！（マツキヨココカラLIVE）4/22回の再放送,1,117,0,0,0,0,0,0
,,,2,157,0,0,0,0,0,0
,,,3,181,0,0,0,0,0,0
,,,4,175,0,0,0,0,0,0
,,,5,183,0,0,0,0,0,0
,,,6,170,0,0,0,0,0,0
,,,7,166,0,0,0,0,0,0
,,,8,154,0,0,0,0,0,0
,,,9,164,0,0,0,0,0,0
,,,10,147,0,0,0,1,1,0
,,,11,176,0,0,0,0,0,0
,,,12,157,0,0,0,1,1,0
,,,13,162,0,0,0,0,0,0
,,,14,174,0,0,0,0,0,0
,,,15,153,0,0,0,0,0,0
,,,16,157,1,2,0,0,0,0
,,,17,152,0,0,0,0,0,0
,,,18,158,1,0,0,0,0,0
,,,19,165,1,0,0,0,0,0
,,,20,162,1,0,0,0,0,0
,,,21,137,1,0,0,0,0,0
,,,22,162,1,0,0,1,1,0
,,,23,145,0,0,0,0,0,0
,,,24,143,0,1,0,0,0,0
,,,25,149,1,0,0,0,0,0
,,,26,152,0,2,0,0,0,0
,,,27,158,0,1,0,0,0,0
,,,28,171,0,0,0,0,0,0
,,,29,163,1,12,0,1,1,0
,,,30,147,0,8,0,0,0,0
,,,31,166,0,5,0,0,0,0
,,,32,169,0,0,0,0,0,0
,,,33,182,0,0,0,0,0,0
,,,34,172,0,0,0,0,0,0
,,,35,147,0,0,0,0,0,0
,,,36,142,0,0,0,0,0,0
,,,37,142,1,3,0,0,0,0
,,,38,147,0,0,0,0,0,0
,,,39,140,0,0,0,0,0,0
,,,40,145,0,0,0,1,1,0
,,,41,137,0,0,0,1,1,0
,,,42,139,0,0,0,0,0,0
,,,43,161,0,0,0,0,0,0
,,,44,134,0,21,0,0,0,0
,,,45,135,0,8,0,0,0,0
,,,46,148,1,2,0,1,1,0
,,,47,137,0,0,0,0,0,0
,,,48,119,0,0,0,0,0,0
,,,49,133,0,0,0,0,0,0
,,,50,116,0,9,0,0,0,0
,,,51,135,0,6,0,0,0,0
,,,52,161,0,1,0,0,0,0
,,,53,143,0,0,0,0,0,0
,,,54,133,0,0,0,0,0,0
,,,55,155,0,0,0,0,0,0
,,,56,154,0,1,0,0,0,0
,,,57,151,0,0,0,1,1,0
,,,58,156,0,0,0,1,1,0
,,,59,162,0,44,0,2,2,0
,,,60,161,2,0,0,0,0,0
,,,61,162,0,5,0,1,1,0
,,,62,177,2,3,0,1,1,0
,,,63,154,0,7,0,2,2,0
,,,64,323,1,0,0,0,0,0
2025-04-22,vJpKyG,【トレンドど真ん中】バズり韓国コスメを美容部員が生レビュー！（マツキヨココカラLIVE）,1,171,0,0,0,0,0,0
,,,2,170,0,0,0,0,0,0
,,,3,181,1,7,0,0,0,0
,,,4,213,3,1,0,0,0,0
,,,5,220,1,2,0,0,0,0
,,,6,241,4,3,0,0,0,0
,,,7,246,1,0,0,3,1,0
,,,8,285,0,1,0,0,0,0
,,,9,272,2,1,0,1,0,0
,,,10,254,1,1,0,0,0,0
,,,11,286,1,2,0,0,0,0
,,,12,299,3,4,0,0,0,0
,,,13,300,2,2,0,0,0,0
,,,14,306,2,3,0,0,0,0
,,,15,296,1,1,0,3,3,0
,,,16,327,1,3,0,4,4,0
,,,17,329,0,1,0,2,2,0
,,,18,318,3,7,0,0,0,0
,,,19,343,2,1,0,3,2,0
,,,20,329,1,3,0,2,2,0
,,,21,335,0,3,0,4,4,0
,,,22,352,8,1,0,1,1,0
,,,23,377,0,3,0,0,0,0
,,,24,357,4,4,0,1,0,0
,,,25,376,0,3,0,0,0,0
,,,26,371,1,4,0,3,3,0
,,,27,373,2,2,0,9,8,0
,,,28,382,2,3,0,4,4,0
,,,29,380,2,4,0,1,1,0
,,,30,408,2,21,0,2,2,0
,,,31,416,1,1,0,4,4,0
,,,32,450,0,4,0,1,1,0
,,,33,423,0,4,0,1,1,0
,,,34,437,0,1,0,0,0,0
,,,35,452,0,5,0,1,1,0
,,,36,444,3,3,0,0,0,0
,,,37,448,4,3,0,0,0,0
,,,38,452,0,28,0,3,3,0
,,,39,473,1,16,0,3,3,0
,,,40,460,0,4,0,0,0,0
,,,41,463,0,3,0,3,2,0
,,,42,468,1,1,0,1,1,0
,,,43,457,2,5,0,2,2,0
,,,44,441,1,7,0,1,1,0
,,,45,459,3,7,0,1,1,0
,,,46,464,3,11,0,3,3,0
,,,47,478,0,4,0,4,4,0
,,,48,440,0,6,0,2,2,0
,,,49,451,0,1,0,11,11,0
,,,50,470,0,0,0,4,2,0
,,,51,458,1,76,0,5,4,0
,,,52,444,0,10,0,5,3,0
,,,53,471,0,5,0,5,4,0
,,,54,498,1,6,0,3,2,0
,,,55,469,0,15,0,6,6,0
,,,56,450,1,0,0,0,0,0
,,,57,434,0,14,0,3,2,0
,,,58,447,0,5,0,1,0,0
,,,59,425,0,12,0,1,0,0
,,,60,469,4,3,0,0,0,0
,,,61,467,0,8,0,2,0,0
,,,62,464,1,7,0,4,2,0
,,,63,486,0,14,0,4,4,0
,,,64,1619,3,11,0,1,1,0
,,,,77232,240,1173,0,384,321,0
2025-04-15,gdL6jL,【美容部員激推し】  マツキヨココカラの新作アイテムを徹底レビュー！（マツキヨココカラLIVE）,1,227,0,0,0,0,0,0
,,,2,226,1,0,0,0,0,0
,,,3,234,0,0,0,0,0,0
,,,4,229,1,0,0,0,0,0
,,,5,227,1,0,0,0,0,0
,,,6,243,2,0,0,0,0,0
,,,7,233,1,0,0,1,0,0
,,,8,250,2,10,0,0,0,0
,,,9,261,3,8,0,0,0,0
,,,10,252,2,87,0,0,0,0
,,,11,264,1,9,0,1,1,0
,,,12,278,1,0,0,0,0,0
,,,13,278,1,0,0,3,3,0
,,,14,260,1,2,0,0,0,0
,,,15,287,1,0,0,2,2,0
,,,16,298,2,0,0,1,1,0
,,,17,301,2,0,0,2,2,0
,,,18,296,3,0,0,1,1,0
,,,19,297,1,0,0,0,0,0
,,,20,286,3,0,0,1,1,0
,,,21,308,5,0,0,0,0,0
,,,22,313,0,0,0,1,1,0
,,,23,319,1,0,0,2,2,0
,,,24,312,1,2,0,4,4,0
,,,25,327,0,32,0,6,6,0
,,,26,346,3,1,0,2,1,0
,,,27,335,2,0,0,0,0,0
,,,28,360,0,0,0,1,0,0
,,,29,389,2,0,0,2,2,0
,,,30,358,1,0,0,1,1,0
,,,31,349,2,1,0,4,4,0
,,,32,371,4,1,0,1,1,0
,,,33,357,0,49,0,4,3,0
,,,34,356,1,0,0,4,2,0
,,,35,373,1,17,0,2,2,0
,,,36,364,2,2,0,5,5,0
,,,37,361,0,14,0,0,0,0
,,,38,370,2,0,0,3,3,0
,,,39,376,1,0,0,1,0,0
,,,40,383,2,4,0,0,0,0
,,,41,379,2,2,0,2,2,0
,,,42,394,1,0,0,1,1,0
,,,43,399,0,1,0,0,0,0
,,,44,410,0,0,0,2,2,0
,,,45,388,0,0,0,3,2,0
,,,46,393,1,0,0,2,2,0
,,,47,405,0,0,0,2,2,0
,,,48,425,5,0,0,0,0,0
,,,49,422,2,0,0,1,1,0
,,,50,413,0,0,0,1,1,0
,,,51,413,0,7,0,1,1,0
,,,52,427,0,3,0,1,1,0
,,,53,422,0,1,0,0,0,0
,,,54,456,1,0,0,2,2,0
,,,55,438,1,0,0,1,1,0
,,,56,461,0,1,0,0,0,0
,,,57,445,2,1,0,7,7,0
,,,58,428,2,0,0,5,4,0
,,,59,420,0,19,0,5,5,0
,,,60,432,2,0,0,1,1,0
,,,61,441,1,1,0,1,1,0
,,,62,426,2,0,0,7,7,0
,,,63,427,1,6,0,0,0,0
,,,64,424,0,1,0,4,4,0
,,,65,422,0,12,0,5,5,0
,,,66,420,3,0,0,1,1,0
,,,67,429,0,0,0,1,1,0
,,,68,432,10,0,0,3,2,0
,,,69,427,3,0,0,2,1,0
,,,70,439,1,5,0,5,4,0
,,,71,1506,0,15,0,1,1,0
,,,,79251,297,942,0,366,330,0
2025-04-08,gXzndW,高機能・高コスパ・バズ売れブランド！matsukiyo  ウィズ  メソッド  トリプルAを徹底解剖（マツキヨココカラLIVE）,1,190,0,0,0,0,0,0
,,,2,187,0,1,0,0,0,0
,,,3,211,7,1,0,0,0,0
,,,4,217,2,9,0,1,0,0
,,,5,207,1,16,0,3,0,0
,,,6,205,0,1,0,1,0,0
,,,7,206,3,5,0,4,0,0
,,,8,201,1,3,0,0,0,0
,,,9,209,1,1,0,0,0,0
,,,10,225,0,2,0,0,0,0
,,,11,219,0,3,0,1,1,0
,,,12,227,2,2,0,0,0,0
,,,13,232,0,2,0,1,1,0
,,,14,254,0,5,0,1,0,0
,,,15,247,0,2,0,1,1,0
,,,16,261,0,6,0,0,0,0
,,,17,254,0,13,0,1,1,0
,,,18,243,2,4,0,0,0,0
,,,19,247,1,3,0,2,2,0
,,,20,230,2,2,0,1,1,0
,,,21,247,0,2,0,0,0,0
,,,22,245,0,2,0,1,1,0
,,,23,249,1,5,0,1,0,0
,,,24,270,0,1,0,0,0,0
,,,25,279,1,5,0,1,1,0
,,,26,258,0,3,0,2,2,0
,,,27,273,2,6,0,0,0,0
,,,28,278,0,2,0,0,0,0
,,,29,289,0,4,0,1,1,0
,,,30,273,2,4,0,1,1,0
,,,31,283,0,5,0,7,5,0
,,,32,268,0,3,0,3,3,0
,,,33,274,0,2,0,1,0,0
,,,34,291,0,6,0,4,2,0
,,,35,307,0,3,0,0,0,0
,,,36,310,0,3,0,0,0,0
,,,37,312,0,3,0,0,0,0
,,,38,308,0,2,0,3,1,0
,,,39,312,0,2,0,0,0,0
,,,40,299,0,2,0,0,0,0
,,,41,289,0,1,0,1,1,0
,,,42,303,1,5,0,0,0,0
,,,43,324,0,2,0,0,0,0
,,,44,342,0,2,0,0,0,0
,,,45,336,0,17,0,1,1,0
,,,46,331,0,21,0,2,2,0
,,,47,335,0,2,0,0,0,0
,,,48,317,1,3,0,1,1,0
,,,49,322,2,5,0,0,0,0
,,,50,296,1,5,0,1,1,0
,,,51,334,0,5,0,0,0,0
,,,52,345,2,8,0,1,1,0
,,,53,331,1,5,0,0,0,0
,,,54,326,0,4,0,1,1,0
,,,55,326,0,71,0,0,0,0
,,,56,1389,0,67,0,1,1,0
,,,,49029,108,1107,0,153,99,0
2025-04-01,5mj61r,UVカット対策の新定番！アネッサ新商品徹底レビュー（マツキヨココカラLIVE）,1,219,0,0,0,0,0,0
,,,2,233,0,3,0,0,0,0
,,,3,249,8,10,0,0,0,0
,,,4,276,3,3,0,0,0,0
,,,5,273,2,21,0,1,1,0
,,,6,272,1,25,0,3,2,0
,,,7,282,2,5,0,2,2,0
,,,8,293,4,29,0,0,0,0
,,,9,284,0,32,0,6,6,0
,,,10,290,2,2,0,2,2,0
,,,11,306,5,2,0,0,0,0
,,,12,305,4,40,0,6,6,0
,,,13,312,4,48,0,3,3,0
,,,14,329,3,16,0,12,11,0
,,,15,326,4,27,0,6,6,0
,,,16,333,19,2,0,2,2,0
,,,17,344,3,0,0,1,1,0
,,,18,342,8,31,0,3,3,0
,,,19,337,2,38,0,2,2,0
,,,20,349,4,9,0,2,2,0
,,,21,362,2,15,0,0,0,0
,,,22,363,2,83,0,0,0,0
,,,23,374,1,69,0,2,2,0
,,,24,377,4,1,0,2,2,0
,,,25,380,4,11,0,4,4,0
,,,26,386,1,10,0,0,0,0
,,,27,394,5,2,0,3,3,0
,,,28,375,3,4,0,3,3,0
,,,29,392,2,29,0,0,0,0
,,,30,413,3,31,0,14,13,0
,,,31,419,2,1,0,7,5,0
,,,32,411,2,1,0,8,7,0
,,,33,405,2,8,0,3,3,0
,,,34,407,1,5,0,9,9,0
,,,35,394,3,4,0,9,9,0
,,,36,387,4,4,0,5,5,0
,,,37,394,3,0,0,0,0,0
,,,38,393,2,161,0,7,7,0
,,,39,407,4,162,0,0,0,0
,,,40,389,0,243,0,2,2,0
,,,41,391,4,5,0,0,0,0
,,,42,392,7,11,0,12,12,0
,,,43,400,1,13,0,4,4,0
,,,44,403,4,99,0,7,7,0
,,,45,409,0,2,0,6,6,0
,,,46,428,3,6,0,7,7,0
,,,47,438,6,95,0,6,6,0
,,,48,418,1,13,0,11,11,0
,,,49,441,1,1,0,7,7,0
,,,50,429,3,176,0,6,6,0
,,,51,433,15,124,0,1,1,0
,,,52,440,9,0,0,1,0,0
,,,53,435,4,64,0,0,0,0
,,,54,460,6,31,0,14,13,0
,,,55,457,6,141,0,3,2,0
,,,56,424,1,21,0,4,4,0
,,,57,434,2,8,0,1,1,0
,,,58,430,0,27,0,5,3,0
,,,59,440,2,16,0,4,3,0
,,,60,456,3,10,0,3,3,0
,,,61,429,5,53,0,1,0,0
,,,62,427,5,101,0,4,4,0
,,,63,430,2,19,0,19,18,0
,,,64,1383,9,366,0,1,1,0
,,,,75009,681,7767,0,768,726,0